Function Map,,,,,,,,,,,,,,,,,,
Officially Documented Addresses,,Auto-analysis possible functions,,User-guessed functions,,,,,,,,Symgrate,,,,,,
20221112.r2,,Binja,Ghidra,fventuri,,,,nu (0x6E75),,,,Binary Ninja (binja),,radare2,,Ghidra,,Library
address,note,address,address,address,function,guess/fact,notes,address,function,guess/fact,notes,address,signature match,address,signature match,address,signature match,
,,,,,,,,08000000,bootloader start address,g,based on G90 & STM32,,,,,,,
0x08020000,f _base,,,,,,,,,,,,,,,,,
,,sub_8020002,,,,,,,,,,,,,,,,
,,sub_80201d4,FUN_080201d4,,,,,,,,,080201d4,frame_dummy,,,,,
,,sub_80201f0,FUN_080201f0,,,,,,,,,080201f0,arm_bitreversal_32,080201f0,arm_bitreversal_32,080201f0,arm_bitreversal_32,/opt/symgrate2-archive/KeilPacks/ARM.CMSIS.5.0.0.pack/CMSIS/Lib/GCC/libarm_cortexM3l_math.a
,,sub_80201f8,,,,,,,,,,0802025a,arm_bitreversal_32,,,,,
,,sub_802025a,,,,,,,,,,,,,,,,
,,sub_8020262,,,,,,,,,,,,,,,,
,,sub_80202b0,FUN_080202b0,080202b0,STRLEN_g,g,,,,,,080202b0,strlen,,,,,
,,sub_80202c0,FUN_080202c0,080202c0,memchr,,,,,,,,,,,,,
,,sub_8020360,,,,,,,,,,08020360,__aeabi_drsub,,,,,
,,sub_8020368,FUN_08020368,,,,,,,,,08020368,__aeabi_dsub,,,,,
,,sub_802036c,FUN_0802036c,0802036c,__aeabi_dadd,,,,,,,0802036c,__aeabi_dadd,0802036c,__aeabi_dadd,0802036c,__aeabi_dadd,/opt/symgrate2-archive/ti/ccs100/ccs/tools/compiler/gcc-arm-none-eabi-7-2017-q4-major/lib/gcc/arm-none-eabi/7.2.1/thumb/v7-ar/fpv3/hard/libgcc.a
,,sub_80205e4,FUN_080205e4,080205e4,__aeabi_ui2d,,,,,,,080205e4,__aeabi_ui2d,080205e4,__aeabi_ui2d,080205e4,__aeabi_ui2d,/opt/symgrate2-archive/ti/ccs100/ccs/tools/compiler/gcc-arm-none-eabi-7-2017-q4-major/lib/gcc/arm-none-eabi/7.2.1/thumb/v7-ar/fpv3/hard/libgcc.a
,,sub_80205ee,,,,,,,,,,,,,,,,
,,sub_8020604,FUN_08020604,08020604,__aeabi_ui2d,,,,,,,08020604,__aeabi_ui2d,08020604,__aeabi_ui2d,08020604,__aeabi_ui2d,/opt/symgrate2-archive/ti/ccs100/ccs/tools/compiler/gcc-arm-none-eabi-7-2017-q4-major/lib/gcc/arm-none-eabi/7.2.1/thumb/v7-ar/fpv3/hard/libgcc.a
,,sub_802060e,,,,,,,,,,,,,,,,
,,sub_8020628,FUN_08020628,08020628,__aeabi_f2d,,,,,,,08020628,__aeabi_f2d,08020628,__aeabi_f2d,08020628,__aeabi_f2d,/opt/symgrate2-archive/ti/ccs100/ccs/tools/compiler/gcc-arm-none-eabi-7-2017-q4-major/lib/gcc/arm-none-eabi/7.2.1/thumb/v7-ar/fpv3/hard/libgcc.a
,,sub_802065a,,,,,,,,,,0802066c,__aeabi_ul2d,,,,,
,,sub_802066c,,,,,,,,,,0802067c,__aeabi_l2d,,,,,
,,sub_8020674,,,,,,,,,,,,,,,,
,,sub_802067c,,,,,,,,,,,,,,,,
,,sub_8020684,,,,,,,,,,,,,,,,
,,sub_80206d8,FUN_080206d8,080206d8,__aeabi_dmul,,,,,,,080206d8,__aeabi_dmul,080206d8,__aeabi_dmul,080206d8,__aeabi_dmul,/opt/symgrate2-archive/ti/ccs100/ccs/tools/compiler/gcc-arm-none-eabi-7-2017-q4-major/lib/gcc/arm-none-eabi/7.2.1/thumb/v7-ar/fpv3/hard/libgcc.a
,,sub_80208b4,FUN_080208b4,,,,,,,,,,,,,,,
,,sub_802092c,FUN_0802092c,0802092c,__aeabi_dmul,,,,,,,0802092c,__aeabi_dmul,0802092c,__aeabi_dmul,0802092c,__aeabi_dmul,/opt/symgrate2-archive/ti/ccs100/ccs/tools/compiler/gcc-arm-none-eabi-7-2017-q4-major/lib/gcc/arm-none-eabi/7.2.1/thumb/v7-ar/fpv3/hard/libgcc.a
,,sub_8020a9a,FUN_08020a9a,,,,,,,,,,,,,,,
,,sub_8020b0c,FUN_08020b0c,08020b0c,__eqdf2,,,,,,,08020b0c,__eqdf2,08020b0c,__eqdf2,08020b0c,__eqdf2,/opt/symgrate2-archive/ti/ccs100/ccs/tools/compiler/gcc-arm-none-eabi-7-2017-q4-major/lib/gcc/arm-none-eabi/7.2.1/thumb/v7-ar/fpv3/hard/libgcc.a
,,sub_8020b88,FUN_08020b88,,,,,,,,,08020b88,__aeabi_cdrcmple,,,,,
,,sub_8020b98,FUN_08020b98,,,,,,,,,08020b98,__aeabi_cdcmple,,,,,
,,sub_8020ba8,FUN_08020ba8,,,,,,,,,,,,,,,
,,sub_8020bbc,FUN_08020bbc,,,,,,,,,,,,,,,
,,sub_8020bd0,FUN_08020bd0,,,,,,,,,,,,,,,
,,sub_8020be4,FUN_08020be4,,,,,,,,,,,,,,,
,,sub_8020bf8,FUN_08020bf8,,,,,,,,,,,,,,,
,,sub_8020c0c,FUN_08020c0c,08020c0c,__aeabi_dcmpun,,,,,,,08020c0c,__aeabi_dcmpun,08020c0c,__aeabi_dcmpun,08020c0c,__aeabi_dcmpun,/opt/symgrate2-archive/ti/ccs100/ccs/tools/compiler/gcc-arm-none-eabi-7-2017-q4-major/lib/gcc/arm-none-eabi/7.2.1/thumb/v7-ar/fpv3/hard/libgcc.a
,,sub_8020c38,FUN_08020c38,08020c38,__aeabi_d2iz,,,,,,,08020c38,__aeabi_d2iz,08020c38,__aeabi_d2iz,08020c38,__aeabi_d2iz,/opt/symgrate2-archive/ti/ccs100/ccs/tools/compiler/gcc-arm-none-eabi-7-2017-q4-major/lib/gcc/arm-none-eabi/7.2.1/thumb/v7-ar/fpv3/hard/libgcc.a
,,sub_8020c88,FUN_08020c88,08020c88,__aeabi_d2uiz,,,,,,,08020c88,__aeabi_d2uiz,08020c88,__aeabi_d2uiz,08020c88,__aeabi_d2uiz,/opt/symgrate2-archive/ti/ccs100/ccs/tools/compiler/gcc-arm-none-eabi-7-2017-q4-major/lib/gcc/arm-none-eabi/7.2.1/thumb/v7-ar/fpv3/hard/libgcc.a
,,sub_8020cc8,FUN_08020cc8,,,,,,,,,,,,,,,
,,sub_8020d68,FUN_08020d68,08020d68,__aeabi_uldivmod,,,,,,,08020d68,__aeabi_uldivmod,08020d68,__aeabi_uldivmod,08020d68,__aeabi_uldivmod,/opt/symgrate2-archive/ti/ccs100/ccs/tools/compiler/gcc-arm-none-eabi-7-2017-q4-major/lib/gcc/arm-none-eabi/7.2.1/thumb/v7-ar/fpv3/hard/libgcc.a
,,sub_8020d98,FUN_08020d98,08020d98,__udivmoddi4,,,,,,,08020d98,__udivmoddi4,08020d98,__udivmoddi4,08020d98,__udivmoddi4,/opt/symgrate2-archive/ti/ccs100/ccs/tools/compiler/gcc-arm-none-eabi-7-2017-q4-major/lib/gcc/arm-none-eabi/7.2.1/thumb/v7e-m/fpv4-sp/hard/libgcc.a
,,sub_8021064,,,,,,,,,,,,,,,,
,,sub_8021068,FUN_08021068,08021068,SQRT_g,g,,,,,,,,,,,,
,,sub_802108c,FUN_0802108c,,,,,,,,,,,,,,,
,,sub_80210a6,,,,,,,,,,,,,,,,
,,sub_80210a8,FUN_080210a8,080210a8,ATAN2_DEGREES_g,g,,,,,,,,,,,,
,,sub_8021188,FUN_08021188,,,,,,,,,,,,,,,
,,sub_80211a6,,,,,,,,,,,,,,,,
,,sub_80211a8,FUN_080211a8,,,,,,,,,,,,,,,
,,sub_8021200,FUN_08021200,,,,,,,,,,,,,,,
,,sub_802129c,FUN_0802129c,,,,,,,,,,,,,,,
,,sub_8021338,FUN_08021338,,,,,,,,,,,,,,,
,,sub_8021390,FUN_08021390,,,,,,,,,,,,,,,
,,sub_80213ec,FUN_080213ec,,,,,,,,,,,,,,,
,,sub_802148c,FUN_0802148c,,,,,,,,,,,,,,,
,,sub_80214e0,FUN_080214e0,,,,,,,,,,,,,,,
,,sub_802166c,FUN_0802166c,,,,,,,,,,,,,,,
,,sub_80216f8,FUN_080216f8,,,,,,,,,,,,,,,
,,sub_80219f4,FUN_080219f4,,,,,,,,,,,,,,,
,,sub_8021a58,FUN_08021a58,,,,,,,,,,,,,,,
,,sub_8021ac4,,,,,,,,,,,,,,,,
,,sub_8021ac8,FUN_08021ac8,,,,,,,,,,,,,,,
,,sub_8021e22,,,,,,,,,,,,,,,,
,,sub_8021e28,FUN_08021e28,,,,,,,,,,,,,,,
,,sub_8021e6c,,,,,,,,,,,,,,,,
,,sub_8021e70,FUN_08021e70,,,,,,,,,,,,,,,
,,sub_8021fca,,,,,,,,,,,,,,,,
,,sub_8021fd0,FUN_08021fd0,,,,,,,,,,,,,,,
,,sub_80221ae,,,,,,,,,,,,,,,,
,,sub_80221ec,FUN_080221ec,,,,,,,,,,,,,,,
,,sub_8022240,,,,,,,,,,,,,,,,
,,sub_8022244,FUN_08022244,,,,,,,,,08022244,_HTTPServer_sleepms,08022244,_HTTPServer_sleepms,08022244,_HTTPServer_sleepms,/opt/symgrate2-archive/ti/ns_2_60_00_07/source/ti/net/http/lib/gcc/m4/httpserver_debug.a
,,sub_802252c,FUN_0802252c,,,,,,,,,,,,,,,
,,sub_8022658,FUN_08022658,,,,,,,,,,,,,,,
,,sub_8022684,FUN_08022684,,,,,,,,,,,,,,,
,,sub_8022698,FUN_08022698,,,,,,,,,,,,,,,
,,sub_802270e,,,,,,,,,,,,,,,,
,,sub_8022710,FUN_08022710,,,,,,,,,,,,,,,
,,sub_8022a74,,,,,,,,,,,,,,,,
,,sub_80230a4,FUN_080230a4,,,,,,,,,,,,,,,
,,sub_80230dc,FUN_080230dc,,,,,,,,,,,,,,,
,,sub_80230e0,FUN_080230e0,,,,,,,,,,,,,,,
,,sub_80230fc,FUN_080230fc,,,,,,,,,,,,,,,
,,sub_8023124,FUN_08023124,,,,,,,,,,,,,,,
,,sub_8023180,FUN_08023180,,,,,,,,,,,,,,,
,,sub_80231ca,,,,,,,,,,,,,,,,
,,sub_80231dc,,,,,,,,,,,,,,,,
,,sub_80231e8,FUN_080231e8,,,,,,,,,,,,,,,
,,sub_8023208,FUN_08023208,,,,,,,,,,,,,,,
,,sub_8023228,FUN_08023228,,,,,,,,,,,,,,,
,,sub_8023248,FUN_08023248,,,,,,,,,,,,,,,
,,sub_8023258,,,,,,,,,,,,,,,,
,,sub_8023268,FUN_08023268,,,,,,,,,,,,,,,
,,sub_8023288,FUN_08023288,,,,,,,,,,,,,,,
,,sub_80232ee,,,,,,,,,,,,,,,,
,,sub_80232f4,FUN_080232f4,,,,,,,,,,,,,,,
,,sub_80233d2,,,,,,,,,,,,,,,,
,,sub_80233d8,FUN_080233d8,,,,,,,,,,,,,,,
,,sub_802343e,,,,,,,,,,,,,,,,
,,sub_8023444,FUN_08023444,,,,,,,,,,,,,,,
,,sub_8023760,FUN_08023760,,,,,,,,,,,,,,,
,,sub_80237e4,,,,,,,,,,,,,,,,
,,sub_80237e8,FUN_080237e8,,,,,,,,,,,,,,,
,,sub_8023868,FUN_08023868,,,,,,,,,,,,,,,
,,sub_8023878,FUN_08023878,,,,,,,,,,,,,,,
,,sub_8023894,FUN_08023894,,,,,,,,,,,,,,,
,,sub_80238a8,FUN_080238a8,,,,,,,,,,,,,,,
,,sub_80239d8,FUN_080239d8,,,,,,,,,,,,,,,
,,sub_80239f8,FUN_080239f8,,,,,,,,,,,,,,,
,,sub_8023a08,FUN_08023a08,,,,,,,,,,,,,,,
,,sub_8023a18,FUN_08023a18,,,,,,,,,,,,,,,
,,sub_8023a28,FUN_08023a28,,,,,,,,,,,,,,,
,,sub_8023a38,FUN_08023a38,,,,,,,,,,,,,,,
,,sub_8023a48,FUN_08023a48,,,,,,,,,,,,,,,
,,sub_8023ad6,,,,,,,,,,,,,,,,
,,sub_8023ae4,FUN_08023ae4,,,,,,,,,,,,,,,
,,sub_8023af4,FUN_08023af4,,,,,,,,,,,,,,,
,,sub_8023b04,FUN_08023b04,,,,,,,,,,,,,,,
,,sub_8023b14,FUN_08023b14,,,,,,,,,,,,,,,
,,sub_8023b20,FUN_08023b20,,,,,,,,,,,,,,,
,,sub_8023b2c,FUN_08023b2c,,,,,,,,,,,,,,,
,,sub_8023b38,FUN_08023b38,,,,,,,,,,,,,,,
,,sub_8023b70,FUN_08023b70,,,,,,,,,,,,,,,
,,sub_8023b80,FUN_08023b80,,,,,,,,,,,,,,,
0x08023bf0,f sym.DMA1_Stream3_IRQHandler,sub_8023bf0,FUN_08023bf0,08023bf0,DMA1_Stream3_IRQHandler,f,,,,,,08023bf0,__kernel_rem_pio2,08023bf0,__kernel_rem_pio2,08023bf0,__kernel_rem_pio2,/opt/symgrate2-archive/ti/ccs100/ccs/tools/compiler/ti-cgt-arm_20.2.0.LTS/lib/rtsv7A8_T_le_n_v3_eabi.lib
,,sub_80259dc,,,,,,,,,,,,,,,,
,,sub_80269c2,,,,,,,,,,,,,,,,
,,sub_80277e8,,,,,,,,,,,,,,,,
,,sub_8027ef0,FUN_08027ef0,,,,,,,,,,,,,,,
,,sub_8027f2e,,,,,,,,,,,,,,,,
,,sub_8027f34,FUN_08027f34,,,,,,,,,,,,,,,
,,sub_8027f9e,,,,,,,,,,,,,,,,
,,sub_8027fac,FUN_08027fac,,,,,,,,,08027fac,arm_fir_f32,08027fac,arm_fir_f32,08027fac,arm_fir_f32,/opt/symgrate2-archive/KeilPacks/MediaTek.MTx.3.1.0.pack/driver/CMSIS/Lib/libarm_cortexM4lf_math.a
,,sub_8028380,FUN_08028380,,,,,,,,,08028380,arm_fir_f32,08028380,arm_fir_f32,08028380,arm_fir_f32,/opt/symgrate2-archive/KeilPacks/MediaTek.MTx.3.1.0.pack/driver/CMSIS/Lib/libarm_cortexM4lf_math.a
,,sub_8028e88,FUN_08028e88,,,,,,,,,08028e88,arm_fir_f32,08028e88,arm_fir_f32,08028e88,arm_fir_f32,/opt/symgrate2-archive/KeilPacks/MediaTek.MTx.3.1.0.pack/driver/CMSIS/Lib/libarm_cortexM4lf_math.a
,,sub_8029474,FUN_08029474,,,,,,,,,,,,,,,
,,sub_8029480,FUN_08029480,,,,,,,,,,,,,,,
,,sub_802948c,FUN_0802948c,,,,,,,,,,,,,,,
,,sub_8029498,FUN_08029498,,,,,,,,,,,,,,,
,,sub_80295f0,FUN_080295f0,,,,,,,,,,,,,,,
,,sub_80296b4,FUN_080296b4,,,,,,,,,,,,,,,
,,sub_8029958,FUN_08029958,,,,,,,,,,,,,,,
,,sub_80299b0,FUN_080299b0,,,,,,,,,,,,,,,
,,sub_80299f4,FUN_080299f4,,,,,,,,,,,,,,,
,,sub_8029a70,FUN_08029a70,,,,,,,,,,,,,,,
,,sub_8029a84,FUN_08029a84,,,,,,,,,,,,,,,
,,sub_8029a98,FUN_08029a98,,,,,,,,,,,,,,,
,,sub_8029b00,FUN_08029b00,,,,,,,,,,,,,,,
,,sub_8029f08,FUN_08029f08,,,,,,,,,,,,,,,
,,sub_802a0b4,FUN_0802a0b4,,,,,,,,,,,,,,,
,,sub_802a234,FUN_0802a234,,,,,,,,,,,,,,,
,,sub_802a258,FUN_0802a258,,,,,,,,,,,,,,,
,,sub_802a260,FUN_0802a260,,,,,,,,,,,,,,,
,,sub_802a3f4,FUN_0802a3f4,,,,,,,,,,,,,,,
,,sub_802a658,FUN_0802a658,,,,,,,,,0802a658,GUI_GetBkColor,0802a658,GUI_GetBkColor,,,/opt/symgrate2-archive/KeilPacks/Keil.STM32F4xx_DFP.2.2.0.pack/Middlewares/ST/STemWin/Lib/STemWin524b_CM4_GCC_ot.a
,,sub_802a668,FUN_0802a668,,,,,,,,,0802a668,_HTTPServer_sleepms,0802a668,_HTTPServer_sleepms,0802a668,_HTTPServer_sleepms,/opt/symgrate2-archive/ti/ns_2_60_00_07/source/ti/net/http/lib/gcc/m4/httpserver_debug.a
,,sub_802a920,FUN_0802a920,,,,,,,,,0802a920,IS_BIT_SET,0802a920,IS_BIT_SET,0802a920,IS_BIT_SET,/opt/symgrate2-archive/KeilPacks/MediaTek.MTx.3.1.0.pack/middleware/MTK/camera/lib/libdrv_idp.a
,,sub_802ab70,FUN_0802ab70,,,,,,,,,0802ab70,OSMboxPostOpt,0802ab70,OSMboxPostOpt,0802ab70,OSMboxPostOpt,/opt/symgrate2-archive/KeilPacks/EmbeddedOffice.Flexible_Safety_RTOS.1.0.0.pack/Lib/cortex-m4f_gcc/cert-mpu_cortex-m4f_gcc.a
,,sub_802ae48,FUN_0802ae48,,,,,,,,,,,,,,,
,,sub_802af34,,,,,,,,,,,,,,,,
,,sub_802af38,FUN_0802af38,,,,,,,,,,,,,,,
,,sub_802af9c,,,,,,,,,,,,,,,,
,,sub_802afa4,FUN_0802afa4,,,,,,,,,,,,,,,
,,sub_802b1fe,,,,,,,,,,,,,,,,
,,sub_802ba14,,,,,,,,,,,,,,,,
,,sub_802ba1a,,,,,,,,,,,,,,,,
,,sub_802c508,FUN_0802c508,,,,,,,,,,,,,,,
,,sub_802c520,FUN_0802c520,,,,,,,,,,,,,,,
,,sub_802c530,,,,,,,,,,,,,,,,
,,sub_802c5ac,FUN_0802c5ac,,,,,,,,,,,,,,,
,,sub_802c8b6,,,,,,,,,,,,,,,,
0x0802c8d4,f sym.TIM3_IRQHandler,,,0802c8d4,TIM3_IRQHandler,,,,,,,,,,,,,
,,sub_802cc74,FUN_0802cc74,,,,,,,,,,,,,,,
,,sub_802cc88,FUN_0802cc88,,,,,,,,,,,,,,,
,,sub_802cce4,FUN_0802cce4,,,,,,,,,,,,,,,
,,sub_802cd30,FUN_0802cd30,,,,,,,,,,,,,,,
,,sub_802cd58,FUN_0802cd58,,,,,,,,,,,,,,,
,,sub_802cd6c,FUN_0802cd6c,,,,,,,,,,,,,,,
,,sub_802cdf8,FUN_0802cdf8,,,,,,,,,,,,,,,
,,sub_802ce04,FUN_0802ce04,,,,,,,,,,,,,,,
,,sub_802ce18,FUN_0802ce18,,,,,,,,,,,,,,,
,,sub_802ce2c,FUN_0802ce2c,,,,,,,,,,,,,,,
,,sub_802ce38,FUN_0802ce38,,,,,,,,,,,,,,,
,,sub_802ce58,FUN_0802ce58,,,,,,,,,,,,,,,
,,sub_802ce74,FUN_0802ce74,,,,,,,,,,,,,,,
,,sub_802cea4,FUN_0802cea4,,,,,,,,,0802cea4,_ZN11__gnu_debug19_Safe_iterator_base8_M_resetEv,,,,,
,,sub_802ceb0,FUN_0802ceb0,,,,,,,,,,,,,,,
,,sub_802ced0,,,,,,,,,,,,,,,,
,,sub_802cef0,FUN_0802cef0,,,,,,,,,,,,,,,
,,sub_802cf10,FUN_0802cf10,,,,,,,,,,,,,,,
,,sub_802cf30,FUN_0802cf30,,,,,,,,,,,,,,,
,,sub_802cf38,FUN_0802cf38,,,,,,,,,,,,,,,
,,sub_802cf74,FUN_0802cf74,,,,,,,,,,,,,,,
,,sub_802cfa4,FUN_0802cfa4,,,,,,,,,,,,,,,
,,sub_802cfe4,FUN_0802cfe4,,,,,,,,,,,,,,,
,,sub_802d038,FUN_0802d038,,,,,,,,,,,,,,,
,,sub_802d068,FUN_0802d068,,,,,,,,,,,,,,,
,,sub_802d088,FUN_0802d088,,,,,,,,,,,,,,,
,,sub_802d0a8,FUN_0802d0a8,,,,,,,,,,,,,,,
,,sub_802d178,FUN_0802d178,,,,,,,,,,,,,,,
,,sub_802d230,FUN_0802d230,,,,,,,,,,,,,,,
,,sub_802d2d8,FUN_0802d2d8,,,,,,,,,,,,,,,
,,sub_802d3e8,FUN_0802d3e8,,,,,,,,,,,,,,,
,,sub_802d4c8,FUN_0802d4c8,0802d4c8,GPIO_Init,,,,,,,,,,,,,
,,sub_802d564,FUN_0802d564,0802d564,GPIO_SetBits,,,,,,,,,,,,,
,,sub_802d568,FUN_0802d568,0802d568,GPIO_ResetBits,,,,,,,,,,,,,
,,sub_802d56c,FUN_0802d56c,0802d56c,GPIO_PinAFConfig,,,,,,,,,,,,,
,,sub_802d598,FUN_0802d598,0802d598,I2C_DeInit,,,,,,,,,,,,,
,,sub_802d604,FUN_0802d604,0802d604,I2C_Init,,,,,,,,,,,,,
,,sub_802d6d8,FUN_0802d6d8,0802d6d8,I2C_Cmd,,,,,,,,,,,,,
,,sub_802d6f0,FUN_0802d6f0,0802d6f0,I2C_GenerateSTART,,,,,,,,,,,,,
,,sub_802d708,FUN_0802d708,0802d708,I2C_GenerateSTOP,,,,,,,,,,,,,
,,sub_802d720,FUN_0802d720,0802d720,I2C_Send7bitAddress,,,,,,,,,,,,,
,,sub_802d738,FUN_0802d738,0802d738,I2C_AcknowledgeConfig,,,,,,,,,,,,,
,,sub_802d750,FUN_0802d750,0802d750,I2C_StretchClockCmd,,,,,,,,,,,,,
,,sub_802d768,FUN_0802d768,0802d768,I2C_SendData,,,,,,,,,,,,,
,,sub_802d76c,FUN_0802d76c,0802d76c,I2C_ReceiveData,,,,,,,,,,,,,
,,sub_802d774,FUN_0802d774,0802d774,I2C_ITConfig,,,,,,,,,,,,,
,,sub_802d788,FUN_0802d788,0802d788,I2C_CheckEvent,,,,,,,,,,,,,
,,sub_802d7a0,FUN_0802d7a0,0802d7a0,I2C_GetFlagStatus,,,,,,,,,,,,,
,,sub_802d7d8,FUN_0802d7d8,0802d7d8,I2C_GetITStatus,,,,,,,,,,,,,
,,sub_802d7f4,FUN_0802d7f4,,,,,,,,,,,,,,,
,,sub_802d7fc,FUN_0802d7fc,,,,,,,,,,,,,,,
,,sub_802d808,FUN_0802d808,,,,,,,,,,,,,,,
,,sub_802d898,FUN_0802d898,0802d898,RCC_AHB1PeriphClockCmd,,,,,,,,,,,,,
,,sub_802d8b0,FUN_0802d8b0,0802d8b0,RCC_APB1PeriphClockCmd,,,,,,,,,,,,,
,,sub_802d8c8,FUN_0802d8c8,0802d8c8,RCC_APB2PeriphClockCmd,,,,,,,,,,,,,
,,sub_802d8e0,FUN_0802d8e0,0802d8e0,RCC_APB1PeriphResetCmd,,,,,,,,,,,,,
,,sub_802d8f8,FUN_0802d8f8,,,,,,,,,,,,,,,
,,sub_802d910,FUN_0802d910,,,,,,,,,,,,,,,
,,sub_802d950,FUN_0802d950,,,,,,,,,,,,,,,
,,sub_802da2c,FUN_0802da2c,,,,,,,,,,,,,,,
,,sub_802da44,FUN_0802da44,,,,,,,,,,,,,,,
,,sub_802da5c,FUN_0802da5c,,,,,,,,,,,,,,,
,,sub_802da9c,FUN_0802da9c,,,,,,,,,,,,,,,
,,sub_802dab0,FUN_0802dab0,,,,,,,,,,,,,,,
,,sub_802dc68,FUN_0802dc68,,,,,,,,,,,,,,,
,,sub_802dcfc,FUN_0802dcfc,,,,,,,,,,,,,,,
,,sub_802dd14,FUN_0802dd14,,,,,,,,,,,,,,,
,,sub_802dd2c,FUN_0802dd2c,,,,,,,,,,,,,,,
,,sub_802de84,FUN_0802de84,,,,,,,,,,,,,,,
,,sub_802de98,FUN_0802de98,,,,,,,,,,,,,,,
,,sub_802dea0,FUN_0802dea0,,,,,,,,,,,,,,,
,,sub_802deb8,FUN_0802deb8,,,,,,,,,,,,,,,
,,sub_802dec0,FUN_0802dec0,,,,,,,,,,,,,,,
,,sub_802ded0,FUN_0802ded0,,,,,,,,,,,,,,,
,,sub_802dee4,FUN_0802dee4,,,,,,,,,,,,,,,
,,sub_802def8,FUN_0802def8,,,,,,,,,,,,,,,
,,sub_802dfb8,FUN_0802dfb8,,,,,,,,,,,,,,,
,,sub_802e1ba,,,,,,,,,,,,,,,,
,,sub_802e344,FUN_0802e344,,,,,,,,,,,,,,,
,,sub_802e3f4,FUN_0802e3f4,,,,,,,,,,,,,,,
,,sub_802e4a8,FUN_0802e4a8,,,,,,,,,,,,,,,
,,sub_802e55c,FUN_0802e55c,,,,,,,,,,,,,,,
,,sub_802e5c4,FUN_0802e5c4,,,,,,,,,,,,,,,
,,sub_802e62c,FUN_0802e62c,,,,,,,,,,,,,,,
,,sub_802e738,FUN_0802e738,,,,,,,,,,,,,,,
,,sub_802e784,FUN_0802e784,,,,,,,,,,,,,,,
,,sub_802e7c8,FUN_0802e7c8,,,,,,,,,,,,,,,
,,sub_802e80c,FUN_0802e80c,,,,,,,,,,,,,,,
,,sub_802ec88,FUN_0802ec88,,,,,,,,,,,,,,,
,,sub_802ec98,FUN_0802ec98,,,,,,,,,,,,,,,
,,sub_802edec,FUN_0802edec,,,,,,,,,,,,,,,
,,sub_802edf0,,,,,,,,,,,,,,,,
,,sub_802ee54,FUN_0802ee54,,,,,,,,,,,,,,,
,,sub_802eebc,FUN_0802eebc,,,,,,,,,,,,,,,
,,sub_802ef84,FUN_0802ef84,,,,,,,,,,,,,,,
,,sub_802ef9c,,,,,,,,,,,,,,,,
,,sub_802f0d0,FUN_0802f0d0,,,,,,,,,0802f0d0,fdopen,0802f0d0,fdopen,0802f0d0,fdopen,/opt/symgrate2-archive/iar/EWARM7702/arm/lib/dl7Mx_tlfs.a
,,sub_802f114,FUN_0802f114,,,,,,,,,0802f114,fdopen,0802f114,fdopen,0802f114,fdopen,/opt/symgrate2-archive/iar/EWARM7702/arm/lib/dl7Mx_tlfs.a
,,sub_802f16a,,,,,,,,,,,,,,,,
,,sub_802f174,FUN_0802f174,,,,,,,,,,,,,,,
,,sub_802f1a0,FUN_0802f1a0,,,,,,,,,,,,,,,
,,sub_802f21c,FUN_0802f21c,,,,,,,,,,,,,,,
,,sub_802f288,FUN_0802f288,,,,,,,,,,,,,,,
,,sub_802f2d0,FUN_0802f2d0,,,,,,,,,,,,,,,
,,sub_802f300,FUN_0802f300,,,,,,,,,,,,,,,
,,sub_802f310,FUN_0802f310,,,,,,,,,,,,,,,
,,sub_802f344,,,,,,,,,,,,,,,,
,,sub_802f3b4,FUN_0802f3b4,,,,,,,,,,,,,,,
,,sub_802f46c,FUN_0802f46c,,,,,,,,,,,,,,,
,,sub_802f490,FUN_0802f490,,,,,,,,,,,,,,,
,,sub_802f5a4,,,,,,,,,,,,,,,,
,,sub_802f5ac,FUN_0802f5ac,,,,,,,,,,,,,,,
,,sub_802f6fc,FUN_0802f6fc,,,,,,,,,,,,,,,
,,sub_802f750,FUN_0802f750,,,,,,,,,,,,,,,
,,sub_802f78c,FUN_0802f78c,,,,,,,,,,,,,,,
,,sub_802f7d0,FUN_0802f7d0,,,,,,,,,,,,,,,
,,sub_802f810,FUN_0802f810,,,,,,,,,,,,,,,
,,sub_802f850,FUN_0802f850,,,,,,,,,,,,,,,
,,sub_802f890,,,,,,,,,,,,,,,,
,,sub_802f8ac,,,,,,,,,,,,,,,,
,,sub_802f8cc,,,,,,,,,,,,,,,,
,,sub_802f8d8,FUN_0802f8d8,,,,,,,,,,,,,,,
,,sub_802f8f0,FUN_0802f8f0,,,,,,,,,,,,,,,
,,sub_802f910,FUN_0802f910,,,,,,,,,,,,,,,
,,sub_802f930,FUN_0802f930,,,,,,,,,,,,,,,
,,sub_802f950,FUN_0802f950,,,,,,,,,,,,,,,
,,sub_802f970,FUN_0802f970,,,,,,,,,,,,,,,
,,sub_802f98c,FUN_0802f98c,,,,,,,,,,,,,,,
,,sub_802f9ac,FUN_0802f9ac,,,,,,,,,,,,,,,
,,sub_802fa00,,,,,,,,,,,,,,,,
,,sub_802fa1c,,,,,,,,,,,,,,,,
,,sub_802fa38,,,,,,,,,,,,,,,,
,,sub_802fa54,,,,,,,,,,,,,,,,
,,sub_802fa70,,,,,,,,,,,,,,,,
,,sub_802fa8c,,,,,,,,,,,,,,,,
,,sub_802faa8,,,,,,,,,,,,,,,,
,,sub_802fac4,FUN_0802fac4,,,,,,,,,,,,,,,
,,sub_802fd98,FUN_0802fd98,,,,,,,,,,,,,,,
,,sub_802fedc,FUN_0802fedc,,,,,,,,,,,,,,,
,,sub_802fee0,FUN_0802fee0,,,,,,,,,,,,,,,
,,sub_802ffd0,FUN_0802ffd0,,,,,,,,,,,,,,,
,,sub_80301e8,FUN_080301e8,,,,,,,,,,,,,,,
,,sub_8030248,FUN_08030248,08030248,I2C_CheckEvent_Timeout,,,,,,,08030248,_ZN10JSAPI_GPIO9JiggleLowEjj,08030248,_ZN10JSAPI_GPIO9JiggleLowEjj,08030248,_ZN10JSAPI_GPIO9JiggleLowEjj,/opt/symgrate2-archive/imagecraft/iccv9cortex/bin/ImageCraftCB/share/CodeBlocks/templates/wizard/icc-jsapi-templates/JumpStart_STM32F3xx-Template/Files/bin/Debug/JumpStart_STM32F3xx.elf
,,sub_8030286,FUN_08030286,08030286,SLEEP_X_10_g,g,,,,,,,,,,,,
,,sub_80302bc,FUN_080302bc,,,,,,,,,,,,,,,
,,sub_8030398,FUN_08030398,,,,,,,,,,,,,,,
,,sub_80304a8,FUN_080304a8,,,,,,,,,,,,,,,
,,sub_80305f0,FUN_080305f0,,,,,,,,,,,,,,,
,,sub_8030788,FUN_08030788,,,,,,,,,,,,,,,
,,sub_80308e4,FUN_080308e4,,,,,,,,,,,,,,,
,,sub_8030aa0,FUN_08030aa0,,,,,,,,,,,,,,,
,,sub_8030ba0,FUN_08030ba0,,,,,,,,,,,,,,,
,,sub_8030c38,FUN_08030c38,,,,,,,,,,,,,,,
,,sub_8030cd0,FUN_08030cd0,,,,,,,,,,,,,,,
,,sub_8030ec4,FUN_08030ec4,,,,,,,,,,,,,,,
,,sub_8030f3c,FUN_08030f3c,,,,,,,,,,,,,,,
,,sub_8030fe0,FUN_08030fe0,,,,,,,,,,,,,,,
,,sub_8031048,FUN_08031048,,,,,,,,,,,,,,,
,,sub_8031070,FUN_08031070,,,,,,,,,,,,,,,
,,sub_8031098,FUN_08031098,,,,,,,,,,,,,,,
,,sub_80310ac,FUN_080310ac,,,,,,,,,,,,,,,
,,sub_80310b4,FUN_080310b4,,,,,,,,,,,,,,,
,,sub_8031108,FUN_08031108,,,,,,,,,,,,,,,
,,sub_8031140,FUN_08031140,,,,,,,,,,,,,,,
,,sub_80314bc,,,,,,,,,,,,,,,,
,,sub_8031672,,,,,,,,,,,,,,,,
,,sub_80316a0,FUN_080316a0,,,,,,,,,,,,,,,
,,sub_8031754,FUN_08031754,,,,,,,,,,,,,,,
,,sub_8031790,FUN_08031790,,,,,,,,,,,,,,,
,,sub_80318e4,FUN_080318e4,,,,,,,,,,,,,,,
,,sub_80318f4,FUN_080318f4,,,,,,,,,,,,,,,
,,sub_8031950,FUN_08031950,,,,,,,,,,,,,,,
,,sub_80319b4,FUN_080319b4,,,,,,,,,,,,,,,
,,sub_80319fc,FUN_080319fc,,,,,,,,,,,,,,,
,,sub_8031b00,FUN_08031b00,,,,,,,,,,,,,,,
,,sub_8031b4c,FUN_08031b4c,,,,,,,,,,,,,,,
,,sub_8031d3c,FUN_08031d3c,,,,,,,,,,,,,,,
,,sub_8031e20,FUN_08031e20,,,,,,,,,,,,,,,
,,sub_8031e88,FUN_08031e88,,,,,,,,,,,,,,,
,,sub_8032108,FUN_08032108,,,,,,,,,,,,,,,
,,sub_8032218,FUN_08032218,,,,,,,,,,,,,,,
,,sub_8032224,FUN_08032224,,,,,,,,,,,,,,,
,,sub_8032230,FUN_08032230,,,,,,,,,,,,,,,
,,sub_803223c,FUN_0803223c,,,,,,,,,,,,,,,
,,sub_8032248,FUN_08032248,,,,,,,,,,,,,,,
,,sub_8032254,FUN_08032254,,,,,,,,,,,,,,,
,,sub_8032264,FUN_08032264,,,,,,,,,,,,,,,
,,sub_8032270,FUN_08032270,,,,,,,,,,,,,,,
,,sub_803227c,FUN_0803227c,,,,,,,,,,,,,,,
0x08032294,f sym.I2C3_EV_IRQHandler,sub_8032294,,08032294,I2C3_EV_IRQHandler,f,,,,,,,,,,,,
0x08032478,f sym.I2C3_ER_IRQHandler,sub_8032478,FUN_08032478,08032478,I2C3_ER_IRQHandler,f,,,,,,,,,,,,
,,sub_8032540,FUN_08032540,,,,,,,,,,,,,,,
,,sub_8032550,FUN_08032550,,,,,,,,,,,,,,,
,,sub_803255c,FUN_0803255c,,,,,,,,,,,,,,,
,,sub_8032598,FUN_08032598,,,,,,,,,,,,,,,
,,sub_80325c0,FUN_080325c0,,,,,,,,,,,,,,,
,,sub_8032618,FUN_08032618,,,,,,,,,,,,,,,
,,sub_80326d4,FUN_080326d4,,,,,,,,,,,,,,,
,,sub_80326e8,FUN_080326e8,,,,,,,,,,,,,,,
,,sub_80326ec,FUN_080326ec,,,,,,,,,,,,,,,
,,sub_8032730,FUN_08032730,,,,,,,,,,,,,,,
,,sub_80327ac,FUN_080327ac,,,,,,,,,,,,,,,
,,sub_8032864,FUN_08032864,,,,,,,,,,,,,,,
0x08032960,f sym.main,sub_8032960,FUN_08032960,08032960,main,f,,,,,,,,,,,,
,,sub_8032b84,FUN_08032b84,,,,,,,,,,,,,,,
,,sub_8032ba0,FUN_08032ba0,,,,,,,,,,,,,,,
,,sub_8032ba8,FUN_08032ba8,,,,,,,,,,,,,,,
,,sub_8032bb4,FUN_08032bb4,,,,,,,,,08032bb4,??isblank_0,,,,,
,,sub_8032bb8,FUN_08032bb8,,,,,,,,,,,,,,,
,,sub_8032bbc,FUN_08032bbc,,,,,,,,,,,,,,,
0x08032bf8,f sym.SystemInit,sub_8032bf8,FUN_08032bf8,08032bf8,SystemInit,f,,,,,,,,,,,,
,,sub_8032c44,FUN_08032c44,08032c44,SystemCoreClockUpdate,,,,,,,,,,,,,
0x08032cb4,f sym.TIM2_IRQHandler,sub_8032cb4,,08032cb4,TIM2_IRQHandler,f,,,,,,,,,,,,
0x08032cec,f sym.TIM4_IRQHandler,sub_8032cec,FUN_08032cec,08032cec,TIM4_IRQHandler,f,,,,,,,,,,,,
,,sub_8032d1c,FUN_08032d1c,,,,,,,,,,,,,,,
,,sub_8032d4c,FUN_08032d4c,,,,,,,,,,,,,,,
0x08032d84,f sym.Reset_Handler,sub_8032d84,,08032d84,Reset_Handler,f,,,,,,,,,,,,
0x08032dd4,f sym.Default_Handler,sub_8032dd4,,08032dd4,Default_Handler,f,,,,,,,,,,,,
,,sub_8032dd8,FUN_08032dd8,08032dd8,arm_fill_f32,,,,,,,08032dd8,arm_fill_f32,08032dd8,arm_fill_f32,08032dd8,arm_fill_f32,/opt/symgrate2-archive/KeilPacks/ARM.CMSIS.4.4.0.pack/CMSIS/Lib/GCC/libarm_cortexM4lf_math.a
,,sub_8032e14,FUN_08032e14,08032e14,arm_copy_f32,,,,,,,08032e14,arm_copy_f32,08032e14,arm_copy_f32,08032e14,arm_copy_f32,/opt/symgrate2-archive/KeilPacks/ARM.CMSIS.4.4.0.pack/CMSIS/Lib/GCC/libarm_cortexM4lf_math.a
,,sub_8032e74,FUN_08032e74,08032e74,arm_min_f32,,,,,,,08032e74,arm_min_f32,08032e74,arm_min_f32,08032e74,arm_min_f32,/opt/symgrate2-archive/KeilPacks/ARM.CMSIS.4.4.0.pack/CMSIS/Lib/GCC/libarm_cortexM4lf_math.a
,,sub_8032f44,FUN_08032f44,08032f44,arm_cfft_radix8by2_f32,,,,,,,08032f44,arm_cfft_radix8by2_f32,08032f44,arm_cfft_radix8by2_f32,08032f44,arm_cfft_radix8by2_f32,/opt/symgrate2-archive/KeilPacks/ARM.CMSIS.4.4.0.pack/CMSIS/Lib/GCC/libarm_cortexM4lf_math.a
,,sub_80330e8,FUN_080330e8,080330e8,arm_cfft_radix8by4_f32,,,,,,,080330e8,arm_cfft_radix8by4_f32,080330e8,arm_cfft_radix8by4_f32,080330e8,arm_cfft_radix8by4_f32,/opt/symgrate2-archive/KeilPacks/ARM.CMSIS.4.4.0.pack/CMSIS/Lib/GCC/libarm_cortexM4lf_math.a
,,sub_80335a4,FUN_080335a4,080335a4,arm_cfft_f32,,,,,,,080335a4,arm_cfft_f32,080335a4,arm_cfft_f32,080335a4,arm_cfft_f32,/opt/symgrate2-archive/KeilPacks/ARM.CMSIS.4.4.0.pack/CMSIS/Lib/GCC/libarm_cortexM4lf_math.a
,,sub_8033698,FUN_08033698,08033698,arm_fir_interpolate_init_q31,,,,,,,08033698,arm_fir_interpolate_init_q31,08033698,arm_fir_interpolate_init_q31,08033698,arm_fir_interpolate_init_q31,/opt/symgrate2-archive/KeilPacks/ARM.CMSIS.4.4.0.pack/CMSIS/Lib/GCC/libarm_cortexM3l_math.a
,,sub_80336d0,FUN_080336d0,080336d0,arm_fir_interpolate_f32,,,,,,,080336d0,arm_fir_interpolate_f32,080336d0,arm_fir_interpolate_f32,080336d0,arm_fir_interpolate_f32,/opt/symgrate2-archive/KeilPacks/ARM.CMSIS.4.4.0.pack/CMSIS/Lib/GCC/libarm_cortexM4lf_math.a
,,sub_8033b08,FUN_08033b08,08033b08,arm_fir_init_q31,,,,,,,08033b08,arm_fir_init_q31,08033b08,arm_fir_init_q31,08033b08,arm_fir_init_q31,/opt/symgrate2-archive/KeilPacks/ARM.CMSIS.4.4.0.pack/CMSIS/Lib/GCC/libarm_cortexM4lf_math.a
,,sub_8033b2c,FUN_08033b2c,08033b2c,arm_fir_f32,,,,,,,08033b2c,arm_fir_f32,08033b2c,arm_fir_f32,08033b2c,arm_fir_f32,/opt/symgrate2-archive/KeilPacks/ARM.CMSIS.4.4.0.pack/CMSIS/Lib/GCC/libarm_cortexM4lf_math.a
,,sub_8033ff4,FUN_08033ff4,08033ff4,arm_fir_decimate_f32,,,,,,,08033ff4,arm_fir_decimate_f32,08033ff4,arm_fir_decimate_f32,08033ff4,arm_fir_decimate_f32,/opt/symgrate2-archive/KeilPacks/ARM.CMSIS.4.4.0.pack/CMSIS/Lib/GCC/libarm_cortexM4lf_math.a
,,sub_803436c,FUN_0803436c,0803436c,arm_biquad_cascade_df1_f32,,,,,,,0803436c,arm_biquad_cascade_df1_f32,0803436c,arm_biquad_cascade_df1_f32,0803436c,arm_biquad_cascade_df1_f32,/opt/symgrate2-archive/KeilPacks/ARM.CMSIS.4.4.0.pack/CMSIS/Lib/GCC/libarm_cortexM4lf_math.a
,,sub_803450c,FUN_0803450c,0803450c,arm_cmplx_mag_f32,,,,,,,0803450c,arm_cmplx_mag_f32,0803450c,arm_cmplx_mag_f32,0803450c,arm_cmplx_mag_f32,/opt/symgrate2-archive/KeilPacks/ARM.CMSIS.4.4.0.pack/CMSIS/Lib/GCC/libarm_cortexM4lf_math.a
,,sub_80346dc,FUN_080346dc,080346dc,arm_sin_f32,,,,,,,080346dc,arm_sin_f32,080346dc,arm_sin_f32,080346dc,arm_sin_f32,/opt/symgrate2-archive/KeilPacks/ARM.CMSIS.4.5.0.pack/CMSIS/Lib/GCC/libarm_cortexM4lf_math.a
,,sub_8034764,FUN_08034764,08034764,arm_cos_f32,,,,,,,08034764,arm_cos_f32,08034764,arm_cos_f32,08034764,arm_cos_f32,/opt/symgrate2-archive/KeilPacks/ARM.CMSIS.4.4.0.pack/CMSIS/Lib/GCC/libarm_cortexM4lf_math.a
,,sub_80347e4,FUN_080347e4,080347e4,arm_scale_f32,,,,,,,080347e4,arm_scale_f32,080347e4,arm_scale_f32,080347e4,arm_scale_f32,/opt/symgrate2-archive/KeilPacks/ARM.CMSIS.4.4.0.pack/CMSIS/Lib/GCC/libarm_cortexM4lf_math.a
,,sub_8034850,FUN_08034850,08034850,arm_radix8_butterfly_f32,,,,,,,08034850,arm_radix8_butterfly_f32,08034850,arm_radix8_butterfly_f32,08034850,arm_radix8_butterfly_f32,/opt/symgrate2-archive/KeilPacks/ARM.CMSIS.4.4.0.pack/CMSIS/Lib/GCC/libarm_cortexM4lf_math.a
,,sub_8034e14,FUN_08034e14,,,,,,,,,,,,,,,
0x08034e20,f sym.__libc_init_array,sub_8034e20,__libc_init_array,08034e20,__libc_init_array,f,,,,,,08034e20,__libc_init_array,08034e20,__libc_init_array,08034e20,__libc_init_array,/opt/symgrate2-archive/ti/bios_6_52_00_12/packages/gnu/targets/arm/libs/install-native/arm-none-eabi/lib/thumb/v7e-m/fpv4-sp/hard/libc_nano.a
,,sub_8034e68,FUN_08034e68,08034e68,memcpy,,,,,,,08034e68,memcpy,08034e68,memcpy,08034e68,memcpy,/opt/symgrate2-archive/ti/bios_6_52_00_12/packages/gnu/targets/arm/libs/install-native/arm-none-eabi/lib/thumb/v7-m/libc_nano.a
,,sub_8034e7e,FUN_08034e7e,,,,,,,,,08034e7e,memset,,,,,
,,sub_8034e8e,FUN_08034e8e,08034e8e,__cvt,,,,,,,08034e8e,__cvt,08034e8e,__cvt,08034e8e,__cvt,/opt/symgrate2-archive/ti/bios_6_52_00_12/packages/gnu/targets/arm/libs/install-native/arm-none-eabi/lib/thumb/v7e-m/fpv4-sp/hard/libc_nano.a
,,sub_8034f50,FUN_08034f50,08034f50,__exponent,,,,,,,08034f50,__exponent,08034f50,__exponent,08034f50,__exponent,/opt/symgrate2-archive/ti/ccs100/ccs/tools/compiler/gcc-arm-none-eabi-7-2017-q4-major/arm-none-eabi/lib/thumb/v8-m.main/fpv5-sp/hard/libc_nano.a
,,sub_8034fb8,FUN_08034fb8,08034fb8,_printf_float,,,,,,,08034fb8,_printf_float,08034fb8,_printf_float,08034fb8,_printf_float,/opt/symgrate2-archive/ti/bios_6_52_00_12/packages/gnu/targets/arm/libs/install-native/arm-none-eabi/lib/thumb/v7e-m/fpv4-sp/hard/libc_nano.a
,,sub_8035438,FUN_08035438,08035438,_printf_common,,,,,,,08035438,_printf_common,08035438,_printf_common,08035438,_printf_common,/opt/symgrate2-archive/ti/bios_6_52_00_12/packages/gnu/targets/arm/libs/install-native/arm-none-eabi/lib/thumb/v7e-m/fpv4-sp/hard/libc_nano.a
,,sub_8035524,FUN_08035524,08035524,_printf_i,,,,,,,08035524,_printf_i,08035524,_printf_i,08035524,_printf_i,/opt/symgrate2-archive/ti/bios_6_73_00_12/packages/gnu/targets/arm/libs/install-native/arm-none-eabi/lib/thumb/v7-m/libc_nano.a
,,sub_8035748,FUN_08035748,,,,,,,,,08035748,_scanf_float,,,08035748,_scanf_float,
,,sub_8035b0c,FUN_08035b0c,08035b0c,iprintf,,,,,,,08035b0c,iprintf,08035b0c,iprintf,08035b0c,iprintf,/opt/symgrate2-archive/ti/ccs100/ccs/tools/compiler/gcc-arm-none-eabi-7-2017-q4-major/arm-none-eabi/lib/thumb/v7-ar/fpv3/hard/libc_nano.a
,,sub_8035b3c,,,,,,,,,,08035b3c,_puts_r,,,,,
,,sub_8035bf4,FUN_08035bf4,,,,,,,,,,,,,,,
,,sub_8035c04,FUN_08035c04,08035c04,setvbuf,,,,,,,08035c04,setvbuf,08035c04,setvbuf,08035c04,setvbuf,/opt/symgrate2-archive/ti/ccs100/ccs/tools/compiler/gcc-arm-none-eabi-7-2017-q4-major/arm-none-eabi/lib/thumb/v7e-m/fpv4-sp/hard/libc_nano.a
,,sub_8035d60,FUN_08035d60,,,,,,,,,08035d60,nanf,,,,,
,,sub_8035d6a,FUN_08035d6c,08035d6c,sniprintf,,,,,,,08035d6c,sniprintf,08035d6c,sniprintf,08035d6c,sniprintf,/opt/symgrate2-archive/ti/ccs100/ccs/tools/compiler/gcc-arm-none-eabi-7-2017-q4-major/arm-none-eabi/lib/thumb/v7e-m/fpv4-sp/hard/libc_nano.a
,,sub_8035d6c,FUN_08035dd4,08035dd4,siprintf,,,,,,,08035dd4,siprintf,08035dd4,siprintf,08035dd4,siprintf,/opt/symgrate2-archive/ti/ccs100/ccs/tools/compiler/gcc-arm-none-eabi-7-2017-q4-major/arm-none-eabi/lib/thumb/v7e-m/fpv4-sp/hard/libc_nano.a
,,sub_8035dd4,FUN_08035e14,08035e14,sulp,,,,,,,08035e14,sulp,08035e14,sulp,08035e14,sulp,/opt/symgrate2-archive/ti/bios_6_52_00_12/packages/gnu/targets/arm/libs/install-native/arm-none-eabi/lib/thumb/v7e-m/fpv4-sp/hard/libc.a
,,sub_8035e14,,,,,,,,,,08035e50,_strtod_l,,,,,
,,sub_8035e50,,,,,,,,,,,,,,,,
,,sub_8036a38,FUN_08036a38,08036a38,strptime,,,,,,,08036a38,strptime,08036a38,strptime,08036a38,strptime,/opt/symgrate2-archive/ti/ccs100/ccs/tools/compiler/gcc-arm-none-eabi-7-2017-q4-major/arm-none-eabi/lib/thumb/v7e-m/fpv4-sp/hard/libc_nano.a
,,sub_8036a58,FUN_08036a58,,,,,,,,,08036a58,_strtoul_l.isra.0,08036a58,_strtoul_l.isra.0,08036a58,_strtoul_l,/opt/symgrate2-archive/ti/bios_6_52_00_12/packages/gnu/targets/arm/libs/install-native/arm-none-eabi/lib/thumb/v7-m/libc_nano.a
,,sub_8036b50,FUN_08036b50,08036b50,strftime,,,,,,,08036b50,strftime,08036b50,strftime,08036b50,strftime,/opt/symgrate2-archive/ti/ccs100/ccs/tools/compiler/gcc-arm-none-eabi-7-2017-q4-major/arm-none-eabi/lib/thumb/v7-ar/fpv3/hard/libc_nano.a
,,sub_8036b74,FUN_08036b74,08036b74,__swbuf_r,,,,,,,08036b74,__swbuf_r,08036b74,__swbuf_r,08036b74,__swbuf_r,/opt/symgrate2-archive/ti/bios_6_52_00_12/packages/gnu/targets/arm/libs/install-native/arm-none-eabi/lib/thumb/v7-m/libc_nano.a
,,sub_8036c18,FUN_08036c18,08036c18,__swsetup_r,,,,,,,08036c18,__swsetup_r,08036c18,__swsetup_r,08036c18,__swsetup_r,/opt/symgrate2-archive/ti/ccs100/ccs/tools/compiler/gcc-arm-none-eabi-7-2017-q4-major/arm-none-eabi/lib/thumb/v7-m/libc_nano.a
,,sub_8036cf4,FUN_08036cf4,08036cf4,quorem,,,,,,,08036cf4,quorem,08036cf4,quorem,08036cf4,quorem,/opt/symgrate2-archive/ti/bios_6_73_00_12/packages/gnu/targets/arm/libs/install-native/arm-none-eabi/lib/thumb/v7e-m/fpv4-sp/hard/libc_nano.a
,,sub_8036e10,FUN_08036e10,08036e10,_dtoa_r,,,,,,,08036e10,_dtoa_r,08036e10,_dtoa_r,08036e10,_dtoa_r,/opt/symgrate2-archive/ti/bios_6_73_00_12/packages/gnu/targets/arm/libs/install-native/arm-none-eabi/lib/thumb/v7e-m/fpv4-sp/hard/libc_nano.a
,,sub_8037980,,,,,,,,,,08037980,__sflush_r,,,,,
,,sub_8037a8c,FUN_08037a8c,08037a8c,_fflush_unlocked_r,,,,,,,08037a8c,_fflush_unlocked_r,08037a8c,_fflush_unlocked_r,08037a8c,_fflush_unlocked_r,/opt/symgrate2-archive/ti/bios_6_52_00_12/packages/gnu/targets/arm/libs/install-native/arm-none-eabi/lib/thumb/v7-m/libc_nano.a
,,sub_8037ae0,FUN_08037ae0,08037ae0,std,,,,,,,08037ae0,std,08037ae0,std,08037ae0,std,/opt/symgrate2-archive/ti/ccs100/ccs/tools/compiler/gcc-arm-none-eabi-7-2017-q4-major/arm-none-eabi/lib/thumb/v7-m/libc_nano.a
,,sub_8037b34,FUN_08037b34,08037b34,__sfmoreglue,,,,,,,08037b34,__sfmoreglue,08037b34,__sfmoreglue,08037b34,__sfmoreglue,/opt/symgrate2-archive/ti/ccs100/ccs/tools/compiler/gcc-arm-none-eabi-7-2017-q4-major/arm-none-eabi/lib/thumb/v7e-m/fpv4-sp/hard/libc_nano.a
,,sub_8037b60,FUN_08037b60,08037b60,__sinit,,,,,,,08037b60,__sinit,08037b60,__sinit,08037b60,__sinit,/opt/symgrate2-archive/ti/ccs100/ccs/tools/compiler/gcc-arm-none-eabi-7-2017-q4-major/arm-none-eabi/lib/thumb/v7-ar/fpv3/hard/libc_nano.a
,,sub_8037bc0,FUN_08037bc0,08037bc0,__sfp,,,,,,,08037bc0,__sfp,08037bc0,__sfp,08037bc0,__sfp,/opt/symgrate2-archive/ti/ccs100/ccs/tools/compiler/gcc-arm-none-eabi-7-2017-q4-major/arm-none-eabi/lib/thumb/v7e-m/fpv4-sp/hard/libc_nano.a
,,sub_8037c38,FUN_08037c38,,,,,,,,,08037c38,_fwalk_reent,,,08037c38,_fwalk_reent,
,,sub_8037c74,FUN_08037c74,08037c74,rshift,,,,,,,08037c74,rshift,08037c74,rshift,08037c74,rshift,/opt/symgrate2-archive/ti/bios_6_73_00_12/packages/gnu/targets/arm/libs/install-native/arm-none-eabi/lib/thumb/v7e-m/fpv4-sp/hard/libc_nano.a
,,sub_8037ce8,FUN_08037ce8,08037ce8,__hexdig_fun,,,,,,,08037ce8,__hexdig_fun,08037ce8,__hexdig_fun,08037ce8,__hexdig_fun,/opt/symgrate2-archive/ti/bios_6_52_00_12/packages/gnu/targets/arm/libs/install-native/arm-none-eabi/lib/thumb/v7-m/libc_nano.a
,,sub_8037d12,FUN_08037d12,08037d12,__gethex,,,,,,,08037d12,__gethex,08037d12,__gethex,08037d12,__gethex,/opt/symgrate2-archive/ti/bios_6_52_00_12/packages/gnu/targets/arm/libs/install-native/arm-none-eabi/lib/thumb/v7e-m/fpv4-sp/hard/libc_nano.a
,,sub_8038154,FUN_08038154,08038154,L_shift,,,,,,,08038154,L_shift,08038154,L_shift,08038154,L_shift,/opt/symgrate2-archive/ti/bios_6_52_00_12/packages/gnu/targets/arm/libs/install-native/arm-none-eabi/lib/thumb/v7-m/libc_nano.a
,,sub_8038178,FUN_08038178,08038178,__match,,,,,,,08038178,__match,08038178,__match,08038178,__match,/opt/symgrate2-archive/ti/bios_6_73_00_12/packages/gnu/targets/arm/libs/install-native/arm-none-eabi/lib/thumb/v7-m/libc_nano.a
,,sub_80381a0,FUN_080381a0,080381a0,__hexnan,,,,,,,080381a0,__hexnan,080381a0,__hexnan,080381a0,__hexnan,/opt/symgrate2-archive/ti/bios_6_52_00_12/packages/gnu/targets/arm/libs/install-native/arm-none-eabi/lib/thumb/v7e-m/fpv4-sp/hard/libc_nano.a
,,sub_80382c0,FUN_080382c0,,,,,,,,,,,,,,,
,,sub_80382c6,FUN_080382c6,,,,,,,,,,,,,,,
,,sub_80382cc,FUN_080382cc,080382cc,_localeconv_r,,,,,,,080382cc,_localeconv_r,080382cc,_localeconv_r,,,/opt/symgrate2-archive/ti/ccs100/ccs/tools/compiler/gcc-arm-none-eabi-7-2017-q4-major/arm-none-eabi/lib/thumb/v7-ar/fpv3/hard/libc_nano.a
,,sub_80382e8,FUN_080382e8,080382e8,__swhatbuf_r,,,,,,,080382e8,__swhatbuf_r,080382e8,__swhatbuf_r,080382e8,__swhatbuf_r,/opt/symgrate2-archive/ti/bios_6_73_00_12/packages/gnu/targets/arm/libs/install-native/arm-none-eabi/lib/thumb/v7e-m/fpv4-sp/hard/libc_nano.a
,,sub_8038330,FUN_08038330,08038330,__smakebuf_r,,,,,,,08038330,__smakebuf_r,08038330,__smakebuf_r,08038330,__smakebuf_r,/opt/symgrate2-archive/ti/bios_6_52_00_12/packages/gnu/targets/arm/libs/install-native/arm-none-eabi/lib/thumb/v7-m/libc_nano.a
,,sub_80383b0,FUN_080383b0,,,,,,,,,,,,,,,
,,sub_80383c0,,,,,,,,,,080383c0,__ascii_mbtowc,,,,,
,,sub_80383e4,FUN_080383e4,080383e4,_Balloc,,,,,,,080383e4,_Balloc,080383e4,_Balloc,080383e4,_Balloc,/opt/symgrate2-archive/ti/bios_6_52_00_12/packages/gnu/targets/arm/libs/install-native/arm-none-eabi/lib/thumb/v7-m/libc_nano.a
,,sub_803844c,FUN_0803844c,0803844c,_Bfree,,,,,,,0803844c,_Bfree,0803844c,_Bfree,0803844c,_Bfree,/opt/symgrate2-archive/ti/bios_6_52_00_12/packages/gnu/targets/arm/libs/install-native/arm-none-eabi/lib/thumb/v7-m/libc_nano.a
,,sub_803847a,FUN_0803847a,0803847a,__multadd,,,,,,,0803847a,__multadd,0803847a,__multadd,0803847a,__multadd,/opt/symgrate2-archive/ti/bios_6_52_00_12/packages/gnu/targets/arm/libs/install-native/arm-none-eabi/lib/thumb/v7e-m/fpv4-sp/hard/libc_nano.a
,,sub_80384f0,FUN_080384f0,080384f0,__s2b,,,,,,,080384f0,__s2b,080384f0,__s2b,080384f0,__s2b,/opt/symgrate2-archive/ti/bios_6_52_00_12/packages/gnu/targets/arm/libs/install-native/arm-none-eabi/lib/thumb/v7e-m/fpv4-sp/hard/libc_nano.a
,,sub_803856c,FUN_0803856c,0803856c,__hi0bits,,,,,,,0803856c,__hi0bits,0803856c,__hi0bits,0803856c,__hi0bits,/opt/symgrate2-archive/ti/bios_6_52_00_12/packages/gnu/targets/arm/libs/install-native/arm-none-eabi/lib/thumb/v7-m/libc.a
,,sub_80385aa,FUN_080385aa,080385aa,__lo0bits,,,,,,,080385aa,__lo0bits,080385aa,__lo0bits,080385aa,__lo0bits,/opt/symgrate2-archive/ti/bios_6_52_00_12/packages/gnu/targets/arm/libs/install-native/arm-none-eabi/lib/thumb/v7e-m/fpv4-sp/hard/libc_nano.a
,,sub_8038608,FUN_08038608,08038608,__i2b,,,,,,,08038608,__i2b,08038608,__i2b,,,/opt/symgrate2-archive/ti/bios_6_46_04_53/packages/gnu/targets/arm/libs/install-native/arm-none-eabi/lib/armv7-m/libc.a
,,sub_803861a,FUN_0803861a,0803861a,__multiply,,,,,,,0803861a,__multiply,0803861a,__multiply,0803861a,__multiply,/opt/symgrate2-archive/ti/bios_6_73_00_12/packages/gnu/targets/arm/libs/install-native/arm-none-eabi/lib/thumb/v7e-m/fpv4-sp/hard/libc_nano.a
,,sub_8038748,FUN_08038748,08038748,__pow5mult,,,,,,,08038748,__pow5mult,08038748,__pow5mult,08038748,__pow5mult,/opt/symgrate2-archive/ti/bios_6_52_00_12/packages/gnu/targets/arm/libs/install-native/arm-none-eabi/lib/thumb/v7e-m/fpv4-sp/hard/libc_nano.a
,,sub_80387e4,FUN_080387e4,080387e4,__lshift,,,,,,,080387e4,__lshift,080387e4,__lshift,080387e4,__lshift,/opt/symgrate2-archive/ti/bios_6_52_00_12/packages/gnu/targets/arm/libs/install-native/arm-none-eabi/lib/thumb/v7e-m/fpv4-sp/hard/libc_nano.a
,,sub_803888c,FUN_0803888c,0803888c,__mcmp,,,,,,,0803888c,__mcmp,0803888c,__mcmp,0803888c,__mcmp,/opt/symgrate2-archive/ti/bios_6_52_00_12/packages/gnu/targets/arm/libs/install-native/arm-none-eabi/lib/thumb/v7e-m/fpv4-sp/hard/libc_nano.a
,,sub_80388c0,FUN_080388c0,080388c0,__mdiff,,,,,,,080388c0,__mdiff,080388c0,__mdiff,080388c0,__mdiff,/opt/symgrate2-archive/ti/bios_6_52_00_12/packages/gnu/targets/arm/libs/install-native/arm-none-eabi/lib/thumb/v7-m/libc_nano.a
,,sub_803897c,FUN_0803897c,0803897c,__ulp,,,,,,,0803897c,__ulp,0803897c,__ulp,0803897c,__ulp,/opt/symgrate2-archive/ti/bios_6_52_00_12/packages/gnu/targets/arm/libs/install-native/arm-none-eabi/lib/thumb/v7e-m/fpv4-sp/hard/libc_nano.a
,,sub_80389cc,FUN_080389cc,080389cc,__b2d,,,,,,,080389cc,__b2d,080389cc,__b2d,080389cc,__b2d,/opt/symgrate2-archive/ti/bios_6_52_00_12/packages/gnu/targets/arm/libs/install-native/arm-none-eabi/lib/thumb/v7e-m/fpv4-sp/hard/libc_nano.a
,,sub_8038a68,FUN_08038a68,08038a68,__d2b,,,,,,,08038a68,__d2b,08038a68,__d2b,08038a68,__d2b,/opt/symgrate2-archive/ti/bios_6_52_00_12/packages/gnu/targets/arm/libs/install-native/arm-none-eabi/lib/thumb/v7e-m/fpv4-sp/hard/libc_nano.a
,,sub_8038b06,FUN_08038b06,08038b06,__ratio,,,,,,,08038b06,__ratio,08038b06,__ratio,08038b06,__ratio,/opt/symgrate2-archive/ti/bios_6_73_00_12/packages/gnu/targets/arm/libs/install-native/arm-none-eabi/lib/thumb/v7e-m/fpv4-sp/hard/libc_nano.a
,,sub_8038b6c,FUN_08038b6c,08038b6c,__copybits,,,,,,,08038b6c,__copybits,08038b6c,__copybits,08038b6c,__copybits,/opt/symgrate2-archive/ti/bios_6_52_00_12/packages/gnu/targets/arm/libs/install-native/arm-none-eabi/lib/thumb/v7-m/libc_nano.a
,,sub_8038ba0,FUN_08038ba0,08038ba0,__any_on,,,,,,,08038ba0,__any_on,08038ba0,__any_on,08038ba0,__any_on,/opt/symgrate2-archive/ti/bios_6_52_00_12/packages/gnu/targets/arm/libs/install-native/arm-none-eabi/lib/thumb/v7-m/libc_nano.a
,,sub_8038be2,FUN_08038be2,08038be2,_calloc_r,,,,,,,08038be2,_calloc_r,08038be2,_calloc_r,08038be2,_calloc_r,/opt/symgrate2-archive/ti/bios_6_52_00_12/packages/gnu/targets/arm/libs/install-native/arm-none-eabi/lib/thumb/v7-m/libc_nano.a
,,sub_8038c00,FUN_08038c00,08038c00,_free_r,,,,,,,08038c00,_free_r,08038c00,_free_r,08038c00,_free_r,/opt/symgrate2-archive/ti/bios_6_52_00_12/packages/gnu/targets/arm/libs/install-native/arm-none-eabi/lib/thumb/v7e-m/fpv4-sp/hard/libc_nano.a
,,sub_8038c9c,FUN_08038c9c,08038c9c,_malloc_r,,,,,,,08038c9c,_malloc_r,08038c9c,_malloc_r,08038c9c,_malloc_r,/opt/symgrate2-archive/ti/bios_6_52_00_12/packages/gnu/targets/arm/libs/install-native/arm-none-eabi/lib/thumb/v7-m/libc_nano.a
,,sub_8038d50,FUN_08038d50,08038d50,__ssputs_r,,,,,,,08038d50,__ssputs_r,08038d50,__ssputs_r,08038d50,__ssputs_r,/opt/symgrate2-archive/ti/bios_6_73_00_12/packages/gnu/targets/arm/libs/install-native/arm-none-eabi/lib/thumb/v7e-m/fpv4-sp/hard/libc_nano.a
,,sub_8038e04,FUN_08038e04,,,,,,,,,,,,,,,
,,sub_8038ff4,FUN_08038ff4,08038ff4,__sfputc_r,,,,,,,08038ff4,__sfputc_r,08038ff4,__sfputc_r,08038ff4,__sfputc_r,/opt/symgrate2-archive/ti/bios_6_73_00_12/packages/gnu/targets/arm/libs/install-native/arm-none-eabi/lib/thumb/v7e-m/fpv4-sp/hard/libc_nano.a
,,sub_8039022,FUN_08039022,08039022,__sfputs_r,,,,,,,08039022,__sfputs_r,08039022,__sfputs_r,08039022,__sfputs_r,/opt/symgrate2-archive/ti/bios_6_52_00_12/packages/gnu/targets/arm/libs/install-native/arm-none-eabi/lib/thumb/v7-m/libc_nano.a
,,sub_8039048,FUN_08039048,,,,,,,,,,,,,,,
,,sub_8039274,FUN_08039274,08039274,_close_r,,,,,,,08039274,_close_r,08039274,_close_r,08039274,_close_r,/opt/symgrate2-archive/ti/bios_6_52_00_12/packages/gnu/targets/arm/libs/install-native/arm-none-eabi/lib/thumb/v7e-m/fpv4-sp/hard/libc_nano.a
,,sub_8039294,FUN_08039294,,,,,,,,,08039294,__sread,,,08039294,__sread,
,,sub_80392b6,FUN_080392b6,,,,,,,,,080392b6,__swrite,,,080392b6,__swrite,
,,sub_80392ee,FUN_080392ee,,,,,,,,,080392ee,__sseek,,,080392ee,__sseek,
,,sub_803931a,FUN_0803931a,0803931a,strncmp,,,,,,,0803931a,strncmp,0803931a,strncmp,0803931a,strncmp,/opt/symgrate2-archive/ti/bios_6_52_00_12/packages/gnu/targets/arm/libs/install-native/arm-none-eabi/lib/thumb/v7-m/libc_nano.a
,,sub_8039340,,,,,,,,,,08039358,_execve_r,,,,,
,,sub_8039358,,,,,,,,,,,,,,,,
,,sub_803937a,,,,,,,,,,,,,,,,
,,sub_803939c,FUN_0803939c,0803939c,_fstat_r,,,,,,,0803939c,_fstat_r,0803939c,_fstat_r,0803939c,_fstat_r,/opt/symgrate2-archive/ti/bios_6_52_00_12/packages/gnu/targets/arm/libs/install-native/arm-none-eabi/lib/thumb/v7e-m/fpv4-sp/hard/libc_nano.a
,,sub_80393c0,FUN_080393c0,080393c0,_close_r,,,,,,,080393c0,_close_r,080393c0,_close_r,080393c0,_close_r,/opt/symgrate2-archive/ti/bios_6_52_00_12/packages/gnu/targets/arm/libs/install-native/arm-none-eabi/lib/thumb/v7e-m/fpv4-sp/hard/libc_nano.a
,,sub_80393e0,FUN_080393e0,080393e0,_execve_r,,,,,,,080393e0,_execve_r,080393e0,_execve_r,080393e0,_execve_r,/opt/symgrate2-archive/ti/bios_6_52_00_12/packages/gnu/targets/arm/libs/install-native/arm-none-eabi/lib/thumb/v7e-m/fpv4-sp/hard/libc_nano.a
,,sub_8039404,FUN_08039404,08039404,memmove,,,,,,,08039404,memmove,08039404,memmove,08039404,memmove,/opt/symgrate2-archive/ti/bios_6_73_00_12/packages/gnu/targets/arm/libs/install-native/arm-none-eabi/lib/thumb/v7-m/libc_nano.a
,,sub_8039436,FUN_08039436,,,,,,,,,,,,,,,
,,sub_8039438,FUN_08039438,,,,,,,,,,,,,,,
,,sub_803943a,FUN_0803943a,0803943a,_realloc_r,,,,,,,0803943a,_realloc_r,0803943a,_realloc_r,0803943a,_realloc_r,/opt/symgrate2-archive/ti/bios_6_52_00_12/packages/gnu/targets/arm/libs/install-native/arm-none-eabi/lib/thumb/v7-m/libc_nano.a
,,sub_8039488,FUN_08039488,08039488,_execve_r,,,,,,,08039488,_execve_r,08039488,_execve_r,08039488,_execve_r,/opt/symgrate2-archive/ti/bios_6_52_00_12/packages/gnu/targets/arm/libs/install-native/arm-none-eabi/lib/thumb/v7e-m/fpv4-sp/hard/libc_nano.a
,,sub_80394ac,FUN_080394ac,,,,,,,,,080394ac,_malloc_usable_size_r,,,,,
,,sub_80394bc,FUN_080394bc,,,,,,,,,,,,,,,
,,sub_803953c,FUN_0803953c,,,,,,,,,,,,,,,
,,sub_80395bc,FUN_080395bc,,,,,,,,,,,,,,,
,,sub_8039640,FUN_08039640,,,,,,,,,,,,,,,
,,sub_8039734,FUN_08039734,,,,,,,,,,,,,,,
,,sub_80399fc,FUN_080399fc,,,,,,,,,080399fc,acosf,080399fc,acosf,080399fc,acosf,/opt/symgrate2-archive/ti/ccs610/ccsv6/tools/compiler/gcc-arm-none-eabi-4_8-2014q3/arm-none-eabi/lib/armv7-ar/thumb/fpu/libm.a
,,sub_8039a9c,FUN_08039a9c,,,,,,,,,,,,,,,
,,sub_8039c44,FUN_08039c44,,,,,,,,,,,,,,,
,,sub_803a19c,,,,,,,,,,,,,,,,
,,sub_803a1c4,FUN_0803a1c4,,,,,,,,,,,,,,,
,,sub_803a41c,FUN_0803a41c,0803a41c,ANOTHER_SQRT_g,g,,,,,,,,,,,,
,,sub_803a424,FUN_0803a424,,,,,,,,,,,,,,,
,,sub_803a4e0,FUN_0803a4e0,,,,,,,,,0803a4e0,arm_fir_f32,0803a4e0,arm_fir_f32,0803a4e0,arm_fir_f32,/opt/symgrate2-archive/KeilPacks/MediaTek.MTx.3.1.0.pack/driver/CMSIS/Lib/libarm_cortexM4lf_math.a
,,sub_803a7f2,,,,,,,,,,,,,,,,
,,sub_803a9e4,FUN_0803a9e4,,,,,,,,,0803a9e4,__kernel_sinf,0803a9e4,__kernel_sinf,0803a9e4,__kernel_sinf,/opt/symgrate2-archive/ti/bios_6_52_00_12/packages/gnu/targets/arm/libs/install-native/arm-none-eabi/lib/thumb/v7e-m/fpv4-sp/hard/libm.a
,,sub_803aa74,FUN_0803aa74,,,,,,,,,,,,,,,
,,sub_803aa78,FUN_0803aa78,,,,,,,,,,,,,,,
,,sub_803aa86,FUN_0803aa86,,,,,,,,,0803aa86,finitef,0803aa86,finitef,0803aa86,finitef,/opt/symgrate2-archive/ti/bios_6_46_04_53/packages/gnu/targets/arm/libs/install-native/arm-none-eabi/lib/armv7e-m/fpu/libc.a
,,sub_803aa9c,FUN_0803aa9c,,,,,,,,,,,,,,,
,,sub_803ab50,FUN_0803ab50,,,,,,,,,0803ab50,scalbnf,0803ab50,scalbnf,0803ab50,scalbnf,/opt/symgrate2-archive/ti/bios_6_52_00_12/packages/gnu/targets/arm/libs/install-native/arm-none-eabi/lib/thumb/v7e-m/fpv4-sp/hard/libc_nano.a
,,sub_803ac10,FUN_0803ac10,,,,,,,,,0803ac10,copysignf,0803ac10,nextafterf,0803ac10,nextafterf,/opt/symgrate2-archive/ti/ccs100/ccs/tools/compiler/gcc-arm-none-eabi-7-2017-q4-major/arm-none-eabi/lib/thumb/v7-ar/fpv3/hard/libm.a
,,sub_803ac28,FUN_0803ac28,,,,,,,,,0803ac28,_init,,,,,
,,sub_803ac34,FUN_0803ac34,,,,,,,,,,,,,,,
,,sub_803ae9f,,,,,,,,,,,,,,,,
,,sub_803aeb8,,,,,,,,,,,,,,,,
,,sub_803b01e,,,,,,,,,,,,,,,,
,,sub_803b26a,,,,,,,,,,,,,,,,
,,sub_803bb8a,,,,,,,,,,,,,,,,
,,sub_803bbfe,,,,,,,,,,,,,,,,
,,sub_803bc78,,,,,,,,,,,,,,,,
,,sub_803bcd4,,,,,,,,,,,,,,,,
,,sub_803bcd8,,,,,,,,,,,,,,,,
,,sub_803bd3e,,,,,,,,,,,,,,,,
,,sub_803bd40,,,,,,,,,,,,,,,,
,,sub_803bd44,,,,,,,,,,,,,,,,
,,sub_803bd5a,,,,,,,,,,,,,,,,
,,sub_803bd74,,,,,,,,,,,,,,,,
,,sub_803bd82,,,,,,,,,,,,,,,,
,,sub_803be32,,,,,,,,,,,,,,,,
,,sub_803be34,,,,,,,,,,,,,,,,
,,sub_803be3c,,,,,,,,,,,,,,,,
,,sub_803be44,,,,,,,,,,,,,,,,
,,sub_803bf84,,,,,,,,,,,,,,,,
,,sub_803c2ae,,,,,,,,,,,,,,,,
,,sub_803c682,,,,,,,,,,,,,,,,
,,sub_803c8e2,,,,,,,,,,,,,,,,
,,sub_803c97c,,,,,,,,,,,,,,,,
,,sub_803ca56,,,,,,,,,,,,,,,,
,,sub_803cb44,,,,,,,,,,,,,,,,
,,sub_803cbde,,,,,,,,,,,,,,,,
,,sub_803cd32,,,,,,,,,,,,,,,,
,,sub_803ce48,,,,,,,,,,,,,,,,
,,sub_803cfb0,,,,,,,,,,,,,,,,
,,sub_803cffe,,,,,,,,,,,,,,,,
,,sub_803d066,,,,,,,,,,,,,,,,
,,sub_803d0a8,,,,,,,,,,,,,,,,
,,sub_803d10c,,,,,,,,,,,,,,,,
,,sub_803d1ba,,,,,,,,,,,,,,,,
,,sub_803d298,,,,,,,,,,,,,,,,
,,sub_803d2f8,,,,,,,,,,,,,,,,
,,sub_803d374,,,,,,,,,,,,,,,,
,,sub_803d4f6,,,,,,,,,,,,,,,,
,,sub_803d50c,,,,,,,,,,,,,,,,
,,sub_803d51a,,,,,,,,,,,,,,,,
,,sub_803d5b0,,,,,,,,,,,,,,,,
,,sub_803d8a2,,,,,,,,,,,,,,,,
,,sub_803d8d2,,,,,,,,,,,,,,,,
,,sub_803d9fa,,,,,,,,,,,,,,,,
,,sub_803dac2,,,,,,,,,,,,,,,,
,,sub_803dad4,,,,,,,,,,,,,,,,
,,sub_803dafe,,,,,,,,,,,,,,,,
,,sub_803db0a,,,,,,,,,,,,,,,,
,,sub_803db8a,,,,,,,,,,,,,,,,
,,sub_803dbcc,,,,,,,,,,,,,,,,
,,sub_803dc30,,,,,,,,,,,,,,,,
,,sub_803dcd8,,,,,,,,,,,,,,,,
,,sub_803ddaa,,,,,,,,,,,,,,,,
,,sub_803e000,,,,,,,,,,,,,,,,
,,sub_803e0a8,,,,,,,,,,,,,,,,
,,sub_803e0b2,,,,,,,,,,,,,,,,
,,sub_803e266,,,,,,,,,,,,,,,,
,,sub_803e332,,,,,,,,,,,,,,,,
,,sub_803e342,,,,,,,,,,,,,,,,
,,sub_803e44e,,,,,,,,,,,,,,,,
,,sub_803e46e,,,,,,,,,,,,,,,,
,,sub_803e4a2,,,,,,,,,,,,,,,,
,,sub_803e6aa,,,,,,,,,,,,,,,,
,,sub_803e9ea,,,,,,,,,,,,,,,,
,,sub_803feb0,,,,,,,,,,,,,,,,
,,sub_8040042,,,,,,,,,,,,,,,,
,,sub_804011c,,,,,,,,,,,,,,,,
,,sub_80401b2,,,,,,,,,,,,,,,,
,,sub_804039c,,,,,,,,,,,,,,,,
,,sub_804041e,,,,,,,,,,,,,,,,
,,sub_8040544,,,,,,,,,,,,,,,,
,,sub_8040736,,,,,,,,,,,,,,,,
,,sub_804091a,,,,,,,,,,,,,,,,
,,sub_80409b8,,,,,,,,,,,,,,,,
,,sub_80409e6,,,,,,,,,,,,,,,,
,,sub_80409e8,,,,,,,,,,,,,,,,
,,sub_80409fe,,,,,,,,,,,,,,,,
,,sub_8040c62,,,,,,,,,,,,,,,,
,,sub_8040c9a,,,,,,,,,,,,,,,,
,,sub_8041448,,,,,,,,,,,,,,,,
,,sub_80415f2,,,,,,,,,,,,,,,,
,,sub_8044248,,,,,,,,,,,,,,,,
,,sub_80442d6,,,,,,,,,,,,,,,,
,,sub_8044426,,,,,,,,,,,,,,,,
,,sub_80454b0,,,,,,,,,,,,,,,,
,,sub_80454f8,,,,,,,,,,,,,,,,
,,sub_804557e,,,,,,,,,,,,,,,,
,,sub_804587e,,,,,,,,,,,,,,,,
,,sub_804597c,,,,,,,,,,,,,,,,
,,sub_8047ea8,,,,,,,,,,,,,,,,
,,sub_804bade,,,,,,,,,,,,,,,,
,,sub_804fc7e,,,,,,,,,,,,,,,,
,,sub_8052c46,,,,,,,,,,,,,,,,
,,sub_8052c8e,,,,,,,,,,,,,,,,
,,sub_8052fb2,,,,,,,,,,,,,,,,
,,sub_8052fea,,,,,,,,,,,,,,,,
,,sub_8053122,,,,,,,,,,,,,,,,
,,sub_805313e,,,,,,,,,,,,,,,,
,,sub_8053166,,,,,,,,,,,,,,,,
,,sub_80531c2,,,,,,,,,,,,,,,,
,,sub_8053296,,,,,,,,,,,,,,,,
,,sub_8053366,,,,,,,,,,,,,,,,
,,sub_8053456,,,,,,,,,,,,,,,,
,,sub_80536e6,,,,,,,,,,,,,,,,
,,sub_80537a6,,,,,,,,,,,,,,,,
,,sub_80537b2,,,,,,,,,,,,,,,,
,,sub_8053b5c,,,,,,,,,,,,,,,,
,,sub_8053d3e,,,,,,,,,,,,,,,,
,,sub_8056f2e,,,,,,,,,,,,,,,,
,,sub_8056f7e,,,,,,,,,,,,,,,,
,,sub_8056fe2,,,,,,,,,,,,,,,,
,,sub_8057002,,,,,,,,,,,,,,,,
,,sub_8057102,,,,,,,,,,,,,,,,
,,sub_805724e,,,,,,,,,,,,,,,,
,,sub_8057372,,,,,,,,,,,,,,,,
,,sub_80574a6,,,,,,,,,,,,,,,,
,,sub_805750c,,,,,,,,,,,,,,,,
,,sub_80575ea,,,,,,,,,,,,,,,,
,,sub_805771c,,,,,,,,,,,,,,,,
,,sub_80577da,,,,,,,,,,,,,,,,
,,sub_805792e,,,,,,,,,,,,,,,,
,,sub_8057a5e,,,,,,,,,,,,,,,,
,,sub_8057b04,,,,,,,,,,,,,,,,
,,sub_8057b3a,,,,,,,,,,,,,,,,
,,sub_8057c92,,,,,,,,,,,,,,,,
,,sub_8057cf6,,,,,,,,,,,,,,,,
,,sub_8057d3e,,,,,,,,,,,,,,,,
,,sub_8057e3a,,,,,,,,,,,,,,,,
,,sub_8057eca,,,,,,,,,,,,,,,,
,,sub_8057f1a,,,,,,,,,,,,,,,,
,,sub_8057f3a,,,,,,,,,,,,,,,,
,,sub_8057fce,,,,,,,,,,,,,,,,
,,sub_8058022,,,,,,,,,,,,,,,,
,,sub_805819c,,,,,,,,,,,,,,,,
,,sub_80581cc,,,,,,,,,,,,,,,,
,,sub_805824a,,,,,,,,,,,,,,,,
,,sub_8058252,,,,,,,,,,,,,,,,
,,sub_805828e,,,,,,,,,,,,,,,,
,,sub_8058302,,,,,,,,,,,,,,,,
,,sub_8058362,,,,,,,,,,,,,,,,
,,sub_80583de,,,,,,,,,,,,,,,,
,,sub_8058494,,,,,,,,,,,,,,,,
,,sub_80587ce,,,,,,,,,,,,,,,,
,,sub_80587ea,,,,,,,,,,,,,,,,
,,sub_8058846,,,,,,,,,,,,,,,,
,,sub_80588da,,,,,,,,,,,,,,,,
,,sub_805898a,,,,,,,,,,,,,,,,
,,sub_8058a6e,,,,,,,,,,,,,,,,
,,sub_8058a9a,,,,,,,,,,,,,,,,
,,sub_8058ace,,,,,,,,,,,,,,,,
,,sub_8058ad2,,,,,,,,,,,,,,,,
,,sub_8058c36,,,,,,,,,,,,,,,,
,,sub_8058c92,,,,,,,,,,,,,,,,
,,sub_8058d60,,,,,,,,,,,,,,,,
,,sub_8058d78,,,,,,,,,,,,,,,,
,,sub_8058d88,,,,,,,,,,,,,,,,
,,sub_8058dba,,,,,,,,,,,,,,,,
,,sub_8058f5a,,,,,,,,,,,,,,,,
,,sub_8058f8a,,,,,,,,,,,,,,,,
,,sub_8058ffa,,,,,,,,,,,,,,,,
,,sub_805900a,,,,,,,,,,,,,,,,
,,sub_80591f8,,,,,,,,,,,,,,,,
,,sub_8059206,,,,,,,,,,,,,,,,
,,sub_8059308,,,,,,,,,,,,,,,,
,,sub_805930e,,,,,,,,,,,,,,,,
,,sub_8059342,,,,,,,,,,,,,,,,
,,sub_8059546,,,,,,,,,,,,,,,,
,,sub_80595e2,,,,,,,,,,,,,,,,
,,sub_8059602,,,,,,,,,,,,,,,,
,,sub_805960a,,,,,,,,,,,,,,,,
,,sub_805977e,,,,,,,,,,,,,,,,
,,sub_8059818,,,,,,,,,,,,,,,,
,,sub_805982a,,,,,,,,,,,,,,,,
,,sub_8059eea,,,,,,,,,,,,,,,,
,,sub_805a4d8,,,,,,,,,,,,,,,,
,,sub_805a6aa,,,,,,,,,,,,,,,,
,,sub_805b4b4,,,,,,,,,,,,,,,,
,,sub_805b5ec,,,,,,,,,,,,,,,,
,,sub_805b66a,,,,,,,,,,,,,,,,
,,sub_805b7a8,,,,,,,,,,,,,,,,
,,sub_805b7d0,,,,,,,,,,,,,,,,
,,sub_805b7de,,,,,,,,,,,,,,,,
,,sub_805b8ee,,,,,,,,,,,,,,,,
,,sub_805b91e,,,,,,,,,,,,,,,,
,,sub_805b924,,,,,,,,,,,,,,,,
,,sub_805b952,,,,,,,,,,,,,,,,
,,sub_805b9e6,,,,,,,,,,,,,,,,
,,sub_805ba8a,,,,,,,,,,,,,,,,
,,sub_805bab0,,,,,,,,,,,,,,,,
,,sub_805bb3c,,,,,,,,,,,,,,,,
,,sub_805bc08,,,,,,,,,,,,,,,,
,,sub_805bc34,,,,,,,,,,,,,,,,
,,sub_805bc9a,,,,,,,,,,,,,,,,
,,sub_805bcf8,,,,,,,,,,,,,,,,
,,sub_805bd66,,,,,,,,,,,,,,,,
,,sub_805bdae,,,,,,,,,,,,,,,,
,,sub_805bf3e,,,,,,,,,,,,,,,,
,,sub_805c074,,,,,,,,,,,,,,,,
,,sub_805c1bc,,,,,,,,,,,,,,,,
,,sub_805c2a0,,,,,,,,,,,,,,,,
,,sub_805c332,,,,,,,,,,,,,,,,
,,sub_805c3a8,,,,,,,,,,,,,,,,
,,sub_805c3e2,,,,,,,,,,,,,,,,
,,sub_805c3f6,,,,,,,,,,,,,,,,
,,sub_805c40c,,,,,,,,,,,,,,,,
,,sub_805c438,,,,,,,,,,,,,,,,
,,sub_805c5b6,,,,,,,,,,,,,,,,
,,sub_805c5ea,,,,,,,,,,,,,,,,
,,sub_805c68a,,,,,,,,,,,,,,,,
,,sub_805c6de,,,,,,,,,,,,,,,,
,,sub_805c72a,,,,,,,,,,,,,,,,
,,sub_805c73c,,,,,,,,,,,,,,,,
,,sub_805cb62,,,,,,,,,,,,,,,,
,,sub_805cc28,,,,,,,,,,,,,,,,
,,sub_805cc4e,,,,,,,,,,,,,,,,
,,sub_805ce14,,,,,,,,,,,,,,,,
,,sub_805ce26,,,,,,,,,,,,,,,,
,,sub_805cf92,,,,,,,,,,,,,,,,
,,sub_805d012,,,,,,,,,,,,,,,,
,,sub_805d050,,,,,,,,,,,,,,,,
,,sub_805d07c,,,,,,,,,,,,,,,,
,,sub_805d0cc,,,,,,,,,,,,,,,,
,,sub_805d10e,,,,,,,,,,,,,,,,
,,sub_805d1de,,,,,,,,,,,,,,,,
,,sub_805d236,,,,,,,,,,,,,,,,
,,sub_805d338,,,,,,,,,,,,,,,,
,,sub_805d3aa,,,,,,,,,,,,,,,,
,,sub_805d3fc,,,,,,,,,,,,,,,,
,,sub_805d486,,,,,,,,,,,,,,,,
,,sub_805d5b2,,,,,,,,,,,,,,,,
,,sub_805d670,,,,,,,,,,,,,,,,
,,sub_805d73c,,,,,,,,,,,,,,,,
,,sub_805d7c0,,,,,,,,,,,,,,,,
,,sub_805d812,,,,,,,,,,,,,,,,
,,sub_805d888,,,,,,,,,,,,,,,,
,,sub_805d92c,,,,,,,,,,,,,,,,
,,sub_805d990,,,,,,,,,,,,,,,,
,,sub_805d9ac,,,,,,,,,,,,,,,,
,,sub_805da5a,,,,,,,,,,,,,,,,
,,sub_805dad2,,,,,,,,,,,,,,,,
,,sub_805db3a,,,,,,,,,,,,,,,,
,,sub_805db64,,,,,,,,,,,,,,,,
,,sub_805dbcc,,,,,,,,,,,,,,,,
,,sub_805de04,,,,,,,,,,,,,,,,
,,sub_805e058,,,,,,,,,,,,,,,,
,,sub_805e08e,,,,,,,,,,,,,,,,
,,sub_805e0d6,,,,,,,,,,,,,,,,
,,sub_805e136,,,,,,,,,,,,,,,,
,,sub_805e44c,,,,,,,,,,,,,,,,
,,sub_805e4ea,,,,,,,,,,,,,,,,
,,sub_805e508,,,,,,,,,,,,,,,,
,,sub_805e54a,,,,,,,,,,,,,,,,
,,sub_805e5ee,,,,,,,,,,,,,,,,
,,sub_805e70a,,,,,,,,,,,,,,,,
,,sub_805e9ce,,,,,,,,,,,,,,,,
,,sub_805ed22,,,,,,,,,,,,,,,,
,,sub_805ed6e,,,,,,,,,,,,,,,,
,,sub_8061352,,,,,,,,,,,,,,,,
,,sub_80646d8,,,,,,,,,,,,,,,,
,,sub_80681b2,,,,,,,,,,,,,,,,
,,sub_8068212,,,,,,,,,,,,,,,,
,,sub_806822e,,,,,,,,,,,,,,,,
,,sub_8068258,,,,,,,,,,,,,,,,
,,sub_80682d2,,,,,,,,,,,,,,,,
,,sub_8068302,,,,,,,,,,,,,,,,
,,sub_806833e,,,,,,,,,,,,,,,,
,,sub_80683ba,,,,,,,,,,,,,,,,
,,sub_8068436,,,,,,,,,,,,,,,,
,,sub_806848c,,,,,,,,,,,,,,,,
,,sub_8068520,,,,,,,,,,,,,,,,
,,sub_806852e,,,,,,,,,,,,,,,,
,,sub_8068556,,,,,,,,,,,,,,,,
,,sub_8068576,,,,,,,,,,,,,,,,
,,sub_80685d0,,,,,,,,,,,,,,,,
,,sub_8068626,,,,,,,,,,,,,,,,
,,sub_806869e,,,,,,,,,,,,,,,,
,,sub_806871e,,,,,,,,,,,,,,,,
,,sub_806879a,,,,,,,,,,,,,,,,
,,sub_8068808,,,,,,,,,,,,,,,,
,,sub_8068816,,,,,,,,,,,,,,,,
,,sub_8068892,,,,,,,,,,,,,,,,
,,sub_8068918,,,,,,,,,,,,,,,,
,,sub_8068994,,,,,,,,,,,,,,,,
,,sub_80689ba,,,,,,,,,,,,,,,,
,,sub_8068a10,,,,,,,,,,,,,,,,
,,sub_8068a8c,,,,,,,,,,,,,,,,
,,sub_8068b08,,,,,,,,,,,,,,,,
,,sub_8068b76,,,,,,,,,,,,,,,,
,,sub_8068b84,,,,,,,,,,,,,,,,
,,sub_8068ce0,,,,,,,,,,,,,,,,
,,sub_8068d0a,,,,,,,,,,,,,,,,
,,sub_8068d5c,,,,,,,,,,,,,,,,
,,sub_8068da8,,,,,,,,,,,,,,,,
,,sub_8068dd8,,,,,,,,,,,,,,,,
,,sub_8068df0,,,,,,,,,,,,,,,,
,,sub_8068e56,,,,,,,,,,,,,,,,
,,sub_8068eaa,,,,,,,,,,,,,,,,
,,sub_8068ed2,,,,,,,,,,,,,,,,
,,sub_8068f4c,,,,,,,,,,,,,,,,
,,sub_8068f64,,,,,,,,,,,,,,,,
,,sub_8068fdc,,,,,,,,,,,,,,,,
,,sub_8069002,,,,,,,,,,,,,,,,
,,sub_8069044,,,,,,,,,,,,,,,,
,,sub_806905c,,,,,,,,,,,,,,,,
,,sub_80690c0,,,,,,,,,,,,,,,,
,,sub_806912e,,,,,,,,,,,,,,,,
,,sub_806918a,,,,,,,,,,,,,,,,
,,sub_806921c,,,,,,,,,,,,,,,,
,,sub_80692c8,,,,,,,,,,,,,,,,
,,sub_806934a,,,,,,,,,,,,,,,,
,,sub_8069368,,,,,,,,,,,,,,,,
,,sub_8069382,,,,,,,,,,,,,,,,
,,sub_806939a,,,,,,,,,,,,,,,,
,,sub_8069556,,,,,,,,,,,,,,,,
,,sub_806959a,,,,,,,,,,,,,,,,
,,sub_8069616,,,,,,,,,,,,,,,,
,,sub_806978a,,,,,,,,,,,,,,,,
,,sub_80697da,,,,,,,,,,,,,,,,
,,sub_8069806,,,,,,,,,,,,,,,,
,,sub_80699c4,,,,,,,,,,,,,,,,
,,sub_80699fe,,,,,,,,,,,,,,,,
,,sub_8069b2a,,,,,,,,,,,,,,,,
,,sub_8069b50,,,,,,,,,,,,,,,,
,,sub_8069bcc,,,,,,,,,,,,,,,,
,,sub_8069c48,,,,,,,,,,,,,,,,
,,sub_8069c86,,,,,,,,,,,,,,,,
,,sub_8069ce6,,,,,,,,,,,,,,,,
,,sub_8069d16,,,,,,,,,,,,,,,,
,,sub_8069d28,,,,,,,,,,,,,,,,
,,sub_8069d40,,,,,,,,,,,,,,,,
,,sub_8069d76,,,,,,,,,,,,,,,,
,,sub_8069dba,,,,,,,,,,,,,,,,
,,sub_8069dbc,,,,,,,,,,,,,,,,
,,sub_8069eb4,,,,,,,,,,,,,,,,
,,sub_8069f7e,,,,,,,,,,,,,,,,
,,sub_8069fda,,,,,,,,,,,,,,,,
,,sub_806a08c,,,,,,,,,,,,,,,,
,,sub_806a218,,,,,,,,,,,,,,,,
,,sub_806a48e,,,,,,,,,,,,,,,,
,,sub_806a59e,,,,,,,,,,,,,,,,
,,sub_806a6b2,,,,,,,,,,,,,,,,
,,sub_806a77c,,,,,,,,,,,,,,,,
,,sub_806a7c0,,,,,,,,,,,,,,,,
,,sub_806a9ca,,,,,,,,,,,,,,,,
,,sub_806aa3e,,,,,,,,,,,,,,,,
,,sub_806adba,,,,,,,,,,,,,,,,
,,sub_806ae36,,,,,,,,,,,,,,,,
,,sub_806af32,,,,,,,,,,,,,,,,
,,sub_806b09e,,,,,,,,,,,,,,,,
,,sub_806b2be,,,,,,,,,,,,,,,,
,,sub_806b4c8,,,,,,,,,,,,,,,,
,,sub_806b5dc,,,,,,,,,,,,,,,,
,,sub_806be94,,,,,,,,,,,,,,,,
,,sub_806d7de,,,,,,,,,,,,,,,,
,,sub_806d90a,,,,,,,,,,,,,,,,
,,sub_806d9f0,,,,,,,,,,,,,,,,
,,sub_806dac6,,,,,,,,,,,,,,,,
,,sub_806dbba,,,,,,,,,,,,,,,,
,,sub_806dbc6,,,,,,,,,,,,,,,,
,,sub_806dd32,,,,,,,,,,,,,,,,
,,sub_806dda2,,,,,,,,,,,,,,,,
,,sub_806de78,,,,,,,,,,,,,,,,
,,sub_806def2,,,,,,,,,,,,,,,,
,,sub_806e026,,,,,,,,,,,,,,,,
,,sub_806e0e0,,,,,,,,,,,,,,,,
,,sub_806e106,,,,,,,,,,,,,,,,
,,sub_806e2c8,,,,,,,,,,,,,,,,
,,sub_806e31a,,,,,,,,,,,,,,,,
,,sub_806e37a,,,,,,,,,,,,,,,,
,,sub_806e506,,,,,,,,,,,,,,,,
,,sub_806e656,,,,,,,,,,,,,,,,
,,sub_806e766,,,,,,,,,,,,,,,,
,,sub_806e79a,,,,,,,,,,,,,,,,
,,sub_806e824,,,,,,,,,,,,,,,,
,,sub_806e9a0,,,,,,,,,,,,,,,,
,,sub_806ea1a,,,,,,,,,,,,,,,,
,,sub_806ea42,,,,,,,,,,,,,,,,
,,sub_806ea9a,,,,,,,,,,,,,,,,
,,sub_806ec28,,,,,,,,,,,,,,,,
,,sub_806ed2e,,,,,,,,,,,,,,,,
,,sub_806ed7a,,,,,,,,,,,,,,,,
,,sub_806ed92,,,,,,,,,,,,,,,,
,,sub_806ee0e,,,,,,,,,,,,,,,,
,,sub_806ef26,,,,,,,,,,,,,,,,
,,sub_806f0c6,,,,,,,,,,,,,,,,
,,sub_806f1f6,,,,,,,,,,,,,,,,
,,sub_806f2ee,,,,,,,,,,,,,,,,
,,sub_806f4de,,,,,,,,,,,,,,,,
,,sub_806f5b6,,,,,,,,,,,,,,,,
,,sub_806f7a4,,,,,,,,,,,,,,,,
,,sub_806f7f6,,,,,,,,,,,,,,,,
,,sub_806f820,,,,,,,,,,,,,,,,
,,sub_806f986,,,,,,,,,,,,,,,,
,,sub_806f9ae,,,,,,,,,,,,,,,,
,,sub_806fa5e,,,,,,,,,,,,,,,,
,,sub_806fad2,,,,,,,,,,,,,,,,
,,sub_806faea,,,,,,,,,,,,,,,,
,,sub_806fb0a,,,,,,,,,,,,,,,,
,,sub_806fba6,,,,,,,,,,,,,,,,
,,sub_806fbea,,,,,,,,,,,,,,,,
,,sub_806fc62,,,,,,,,,,,,,,,,
,,sub_806fcde,,,,,,,,,,,,,,,,
,,sub_806fcf8,,,,,,,,,,,,,,,,
,,sub_806fd96,,,,,,,,,,,,,,,,
,,sub_806fdc8,,,,,,,,,,,,,,,,
,,sub_806fdf2,,,,,,,,,,,,,,,,
,,sub_806fe48,,,,,,,,,,,,,,,,
,,sub_806fef2,,,,,,,,,,,,,,,,
,,sub_806ff96,,,,,,,,,,,,,,,,
,,sub_806ffae,,,,,,,,,,,,,,,,
,,sub_807004e,,,,,,,,,,,,,,,,
,,sub_807012a,,,,,,,,,,,,,,,,
,,sub_8070136,,,,,,,,,,,,,,,,
,,sub_807018e,,,,,,,,,,,,,,,,
,,sub_807019e,,,,,,,,,,,,,,,,
,,sub_80701e6,,,,,,,,,,,,,,,,
,,sub_8070324,,,,,,,,,,,,,,,,
,,sub_80703ee,,,,,,,,,,,,,,,,
,,sub_8070456,,,,,,,,,,,,,,,,
,,sub_80704c6,,,,,,,,,,,,,,,,
,,sub_80707f2,,,,,,,,,,,,,,,,
,,sub_8070f7a,,,,,,,,,,,,,,,,
,,sub_807507e,,,,,,,,,,,,,,,,
,,sub_80791d0,,,,,,,,,,,,,,,,
,,sub_80792e0,,,,,,,,,,,,,,,,
,,sub_80798c2,,,,,,,,,,,,,,,,
,,sub_80798cc,,,,,,,,,,,,,,,,
0x08079ee8,f _sidata,,,,,,,,,,,,,,,,,
,,sub_8079fe2,,,,,,,,,,,,,,,,
0x807C560,end of X6100_BBFW_V1.1.6_221112001.img (when loaded at 0x08020000),,,,,,,,,,,,,,,,,
,,,,,,,,,,,,,,,,,,
,,,,,,,,,,,,,,,,,,
,,,,,,,,,,,,,,,,,,
0x20000000,RAM Addresses,,,,,,,,,,,,,,,,,
0x20000000,f _sdata,,,,,,,,,,,,,,,,,
0x20003558,f _edata,,,,,,,,,,,,,,,,,
0x20003558,f _sbss,,,,,,,,,,,,,,,,,
0x2000e20c,f _ebss,,,,,,,,,,,,,,,,,
0x20030000,f _estack,,,,,,,,,,,,,,,,,
